Year,Site,Annual Mean NO2 concentration (ug/m3),95% confidence interval for 'All sites' (+/-),Annual data capture (%)
1990,All sites,53.7989386499,13.8708580245397,
1991,All sites,58.6909542783881,13.3365792550418,
1992,All sites,59.7529984402532,8.05995807708413,
1993,All sites,52.2046127562626,4.37501746551684,
1994,All sites,49.0369770771391,3.61138653662982,
1995,All sites,48.0297464941502,3.61898447319106,
1996,All sites,47.3769093766537,3.20269633982785,
1997,All sites,46.0424165098486,3.01024378554604,
1998,All sites,40.6705501571582,2.9297330377213,
1999,All sites,39.7014946913792,3.06593507694748,
2000,All sites,35.8741226087533,2.65895828260934,
2001,All sites,35.6703438298865,2.31952563118179,
2002,All sites,32.9132543346293,2.35574482528772,
2003,All sites,35.2843668847707,2.75716834352268,
2004,All sites,32.4343813488597,2.79915751343889,
2005,All sites,32.4327036368415,3.22132081214594,
2006,All sites,31.9280480199347,3.18220954667566,
2007,All sites,28.4460577087639,2.9753037782219,
2008,All sites,28.2412629831205,2.72514313849364,
2009,All sites,29.1512150318972,2.94709022299747,
2010,All sites,31.3224853954559,3.45695395092464,
2011,All sites,26.9441770428329,3.16293201753539,
2012,All sites,26.7482136321056,3.20002767860499,
2013,All sites,25.388784846788,3.02368854558295,
2014,All sites,25.2058439965204,3.35483411468742,
2015,All sites,22.830093803358,2.73760704023988,
2016,All sites,23.2834610128834,2.58872703284705,
2017,All sites,21.7433587294104,2.53557484724527,
2018,All sites,20.0023790209726,2.08544665800963,
2019,All sites,19.5691118651445,2.05948235788653,
1999,Aberdeen,26.6133733390484,,26.6324200913242
2000,Aberdeen,24.4421793471666,,93.818306010929
2001,Aberdeen,25.2088228242628,,95.2283105022831
2002,Aberdeen,27.1392241884449,,97.4086757990868
2003,Aberdeen,30.6500452137967,,88.3675799086758
2004,Aberdeen,26.2832574607992,,90.0273224043716
2005,Aberdeen,23.7802717070289,,96.6324200913242
2006,Aberdeen,27.3358112094395,,96.7465753424657
2007,Aberdeen,23.6333612540385,,95.3995433789954
2008,Aberdeen,25.3991172029272,,98.0077413479053
2009,Aberdeen,25.6484208026597,,96.1415525114155
2010,Aberdeen,22.1878488279381,,71.5867579908676
2011,Aberdeen,22.7545010134732,,95.7420091324201
2012,Aberdeen,20.9975621647977,,93.3970856102004
2013,Aberdeen,20.2957142543412,,44.703196347032
2014,Aberdeen,21.7020449203841,,93.9155251141552
2015,Aberdeen,22.0908059761325,,98.527397260274
2016,Aberdeen,20.8323210480094,,97.2222222222222
2017,Aberdeen,22.0536746623145,,96.175799086758
2018,Aberdeen,20.3437769534133,,98.9954337899543
2019,Aberdeen,16.7336921042699,,96.7808219178082
2011,Birmingham Acocks Green,23.4801488833747,,73.6073059360731
2012,Birmingham Acocks Green,31.7093918841246,,99.0323315118397
2013,Birmingham Acocks Green,35.3559263584015,,99.12100456621
2014,Birmingham Acocks Green,43.0969202971098,,98.7442922374429
2015,Birmingham Acocks Green,18.7684401067162,,98.4132420091324
2016,Birmingham Acocks Green,21.3114417359751,,98.8274134790528
2017,Birmingham Acocks Green,19.4375222445019,,88.2420091324201
2018,Birmingham Acocks Green,17.7015997995076,,97.3630136986301
2019,Birmingham Acocks Green,18.1441360246657,,99.041095890411
2016,Ballymena Ballykeel,14.5944697908452,,66.4048269581056
2017,Ballymena Ballykeel,13.9305576113461,,91.7579908675799
2018,Ballymena Ballykeel,15.53359157704,,97.648401826484
2019,Ballymena Ballykeel,14.4219591303831,,95.958904109589
1997,Barnsley Gawber,36.3438654082889,,27.8196347031963
1998,Barnsley Gawber,32.3566796368353,,52.8082191780822
1999,Barnsley Gawber,26.8365896980462,,83.5502283105023
2000,Barnsley Gawber,25.7789613848202,,94.0459927140255
2001,Barnsley Gawber,29.707232747891,,82.5456621004566
2002,Barnsley Gawber,25.1525961157352,,86.4041095890411
2003,Barnsley Gawber,24.5107482673558,,97.1803652968037
2004,Barnsley Gawber,21.6308477796248,,95.8788706739526
2005,Barnsley Gawber,20.3646743727093,,80.9817351598173
2006,Barnsley Gawber,18.8182896101971,,77.0205479452055
2007,Barnsley Gawber,18.3912553244801,,91.1187214611872
2008,Barnsley Gawber,18.7502816372512,,90.9494535519126
2009,Barnsley Gawber,18.8805915424102,,93.4018264840183
2010,Barnsley Gawber,25.1217285453439,,93.7785388127854
2011,Barnsley Gawber,19.8794274623969,,94.1095890410959
2012,Barnsley Gawber,20.9175644595085,,94.0459927140255
2013,Barnsley Gawber,21.4900457063326,,98.4246575342466
2014,Barnsley Gawber,19.175514388722,,98.7899543378995
2015,Barnsley Gawber,18.5994340608419,,96.8150684931507
2016,Barnsley Gawber,18.9785283595816,,99.0323315118397
2017,Barnsley Gawber,16.0766782754603,,97.9680365296804
2018,Barnsley Gawber,15.5943379548075,,99.0182648401827
2019,Barnsley Gawber,16.5570560418321,,86.2328767123288
2017,Borehamwood Meadow Park,25.5132050234522,,24.337899543379
2018,Borehamwood Meadow Park,20.8724090422929,,97.9794520547945
2019,Borehamwood Meadow Park,20.6592887807183,,96.62100456621
1992,Belfast Centre,43.0785123966942,,60.6102003642987
1993,Belfast Centre,42.264587762816,,96.6438356164384
1994,Belfast Centre,39.2405337179949,,94.9657534246575
1995,Belfast Centre,39.3730445246691,,94.8630136986301
1996,Belfast Centre,38.3865486725664,,96.4822404371585
1997,Belfast Centre,38.6880152945394,,95.5365296803653
1998,Belfast Centre,33.9607939230581,,93.1735159817352
1999,Belfast Centre,34.9341529731647,,96.5639269406393
2000,Belfast Centre,30.4710581639804,,81.2272313296903
2001,Belfast Centre,31.5411937508346,,85.4908675799087
2002,Belfast Centre,30.2890445706003,,94.5091324200913
2003,Belfast Centre,31.8136735676456,,94.8401826484018
2004,Belfast Centre,27.9299702528508,,91.8488160291439
2005,Belfast Centre,33.0663457513604,,54.5433789954338
2006,Belfast Centre,33.5521580470618,,90.7191780821918
2007,Belfast Centre,31.8992218875502,,90.958904109589
2008,Belfast Centre,31.9866584311303,,92.1561930783242
2009,Belfast Centre,32.7986714358712,,89.3607305936073
2010,Belfast Centre,34.7523821309244,,92.2488584474886
2011,Belfast Centre,28.1545759574222,,98.6643835616438
2012,Belfast Centre,29.275551449359,,98.5769581056466
2013,Belfast Centre,31.3403944500239,,95.4794520547945
2014,Belfast Centre,28.1301258668629,,69.7945205479452
2015,Belfast Centre,28.9346883290139,,92.5
2016,Belfast Centre,29.3712681541197,,96.0268670309654
2017,Belfast Centre,24.6215587987051,,98.7328767123288
2018,Belfast Centre,27.3774279436552,,94.8173515981735
2019,Belfast Centre,24.0585770235451,,51.3926940639269
2004,Birmingham Tyburn,38.3185509056839,,36.4526411657559
2005,Birmingham Tyburn,34.0331988472622,,99.0296803652968
2006,Birmingham Tyburn,37.1754454926625,,87.1232876712329
2007,Birmingham Tyburn,32.626996990044,,98.6073059360731
2008,Birmingham Tyburn,34.0647848218417,,98.4061930783242
2009,Birmingham Tyburn,31.9972813238771,,96.5753424657534
2010,Birmingham Tyburn,37.3402312138728,,98.7442922374429
2011,Birmingham Tyburn,34.3532665053578,,99.0753424657534
2012,Birmingham Tyburn,32.2222349570201,,99.3283242258652
2013,Birmingham Tyburn,28.5322462225863,,90.5707762557078
2014,Birmingham Tyburn,29.8461456319061,,99.1780821917808
2015,Birmingham Tyburn,29.7697596727919,,96.2899543378995
2016,Birmingham Tyburn,28.9645013103607,,98.7818761384335
1993,Birmingham East,33.1550068587106,,8.32191780821918
1994,Birmingham East,38.4323082361258,,96.8835616438356
1995,Birmingham East,41.0586848927646,,96.8721461187215
1996,Birmingham East,39.3164893617021,,89.8907103825137
1997,Birmingham East,37.3771055753262,,96.2328767123288
1998,Birmingham East,30.4352746993634,,96.8264840182648
1999,Birmingham East,29.1900081900082,,97.5684931506849
2000,Birmingham East,26.7675751549889,,97.3246812386157
2001,Birmingham East,30.6969770843491,,93.6529680365297
2002,Birmingham East,29.262336039975,,91.3812785388128
2003,Birmingham East,33.4932482199853,,92.9908675799087
2004,Birmingham East,31.0894670050761,,53.8251366120219
1992,Birmingham Centre,45.9698931693105,,35.1662112932605
1993,Birmingham Centre,47.5487478725991,,93.9041095890411
1994,Birmingham Centre,45.1955926146516,,95.8333333333333
1995,Birmingham Centre,46.7164319248826,,97.2602739726027
1996,Birmingham Centre,44.5431764705882,,96.7668488160291
1997,Birmingham Centre,44.1625108547327,,92.0205479452055
1998,Birmingham Centre,42.2591765081392,,71.5296803652968
1999,Birmingham Centre,38.4321565802113,,95.0684931506849
2000,Birmingham Centre,33.0258072118784,,96.6074681238616
2001,Birmingham Centre,33.5241038318912,,92.351598173516
2002,Birmingham Centre,33.6157441574416,,92.8082191780822
2003,Birmingham Centre,33.4372801875733,,87.6369863013699
2004,Birmingham Centre,35.1188829105816,,88.8661202185792
2005,Birmingham Centre,33.1420926630052,,81.0616438356164
2006,Birmingham Centre,34.4553853634816,,93.9041095890411
2007,Birmingham Centre,33.9591182364729,,85.4452054794521
2008,Birmingham Centre,33.1089879688606,,96.516393442623
2009,Birmingham Centre,49.4402985074627,,3.05936073059361
2000,Blackpool,18.1020110754882,,39.0596539162113
2001,Blackpool,23.7898024219248,,89.5547945205479
2002,Blackpool,21.5500770416025,,96.3127853881278
2003,Blackpool,23.9785522788204,,93.675799086758
2004,Blackpool,15.2580550673697,,77.7322404371585
2005,Blackpool Marton,19.3708333333333,,52.0547945205479
2006,Blackpool Marton,18.3034807831762,,94.4520547945205
2007,Blackpool Marton,15.8785739498765,,97.0205479452055
2008,Blackpool Marton,16.4374782305817,,98.0532786885246
2009,Blackpool Marton,19.510666015307,,70.1027397260274
2010,Blackpool Marton,30.763662171753,,16.0844748858447
2011,Blackpool Marton,18.0262105117947,,82.7511415525114
2012,Blackpool Marton,20.2331383550197,,95.3665755919854
2013,Blackpool Marton,16.3256796215637,,95.9246575342466
2014,Blackpool Marton,16.1832755959525,,97.0205479452055
2015,Blackpool Marton,15.6066976135683,,95.2397260273973
2016,Blackpool Marton,16.0785465324675,,96.4253187613843
2017,Blackpool Marton,12.684663811263,,96.8949771689498
2018,Blackpool Marton,12.4633863569412,,93.0022831050228
2019,Blackpool Marton,12.1954601611911,,92.7739726027397
1997,Bolton,36.2029963557835,,84.5776255707762
1998,Bolton,34.8413426708524,,94.5433789954338
1999,Bolton,32.1650508967523,,94.2009132420091
2000,Bolton,29.1197934999413,,97.0286885245902
2001,Bolton,35.4650128715188,,97.5570776255708
2002,Bolton,34.7363467348362,,98.2420091324201
2003,Bolton,35.5093899451767,,97.865296803653
2004,Bolton,28.6758162031439,,94.1484517304189
2005,Bolton,25.2825581395349,,58.9041095890411
2006,Bolton,23.4517491972283,,67.5456621004566
2007,Bolton,NA,,0
2008,Bolton,22.8175182481752,,28.0737704918033
2001,Bournemouth,16.8230294950842,,68.5045662100457
2002,Bournemouth,16.9137628478315,,91.0730593607306
2003,Bournemouth,22.052295605205,,92.9908675799087
2004,Bournemouth,18.6536735175998,,96.379781420765
2005,Bournemouth,18.0414651837524,,94.4292237442922
2006,Bournemouth,17.1461321564301,,93.1164383561644
2007,Bournemouth,15.7260991353063,,93.7328767123288
2008,Bournemouth,15.2048306890836,,96.1520947176685
2009,Bournemouth,16.5971966911765,,99.3607305936073
2010,Bournemouth,17.7836748791158,,99.1552511415525
2011,Bournemouth,15.3905289052891,,92.8082191780822
2012,Bournemouth,15.5484726224784,,98.7591074681239
2013,Bournemouth,14.4955046072089,,98.8127853881278
2014,Bournemouth,13.224394654531,,85.9132420091324
2015,Bournemouth,12.2191196644373,,98.9954337899543
2016,Bournemouth,13.9303618043707,,97.4157559198543
2017,Bournemouth,12.6940690274967,,95.9018264840183
2018,Bournemouth,11.4589542117144,,96.0844748858448
2019,Bournemouth,11.5091036371997,,99.3036529680365
2018,Burton-on-Trent Horninglow,18.9268685295224,,91.0616438356164
2019,Burton-on-Trent Horninglow,18.2818370112542,,98.3904109589041
1997,Bradford Centre,43.8573573573574,,7.6027397260274
1998,Bradford Centre,41.7421383647799,,96.1986301369863
1999,Bradford Centre,39.2226410649075,,96.9063926940639
2000,Bradford Centre,38.2767667218152,,96.3342440801457
2001,Bradford Centre,43.9748578648136,,90.3538812785388
2002,Bradford Centre,36.6400047119802,,96.9063926940639
2003,Bradford Centre,37.4910953891193,,93.5844748858448
2004,Bradford Centre,30.984792681478,,95.8219489981785
2005,Bradford Centre,29.1093608779858,,88.4132420091324
2006,Bradford Centre,31.9142267039242,,93.9611872146119
2007,Bradford Centre,21.7610585281051,,59.0981735159817
1996,London Brent,41.1291233474522,,88.6953551912568
1997,London Brent,39.757243638196,,90.6164383561644
1998,London Brent,34.3088410991637,,95.5479452054795
1999,London Brent,37.0632926119837,,98.1164383561644
2000,London Brent,35.6972060535506,,97.7914389799636
2001,London Brent,36.4690470074493,,88.8812785388128
2002,London Brent,29.089505456234,,98.3333333333333
2003,London Brent,34.081262753571,,95.1027397260274
2004,London Brent,29.462356178089,,91.0291438979964
2005,London Brent,32.7191789608724,,88.9840182648402
2006,London Brent,30.2966534975598,,98.2420091324201
2007,London Brent,25.6014843497903,,70.7534246575343
1990,London Bridge Place,71.2242142025611,,49.0296803652968
1991,London Bridge Place,81.2402777777778,,98.6301369863014
1992,London Bridge Place,73.9130935915168,,98.7704918032787
1993,London Bridge Place,64.6210599237963,,98.8698630136986
1994,London Bridge Place,64.7907542579075,,98.527397260274
1995,London Bridge Place,64.0135437522082,,96.9292237442922
1996,London Bridge Place,63.682119205298,,97.9849726775956
1997,London Bridge Place,59.6879390403619,,95.87899543379
1998,London Bridge Place,57.6367132867133,,97.9452054794521
1999,London Bridge Place,62.7959968186638,,86.1187214611872
1993,Bristol Centre,49.2927891595419,,70.7648401826484
1994,Bristol Centre,45.043621399177,,97.0890410958904
1995,Bristol Centre,48.0138265185535,,96.5981735159817
1996,Bristol Centre,47.1818075254953,,97.1197632058288
1997,Bristol Centre,44.3487923946557,,88.8584474885845
1998,Bristol Centre,40.6347633480998,,97.9223744292238
1999,Bristol Centre,37.26261427045,,96.1529680365297
2000,Bristol Centre,38.1919733238061,,95.594262295082
2001,Bristol Centre,38.0983062892337,,96.3812785388128
2002,Bristol Centre,36.8009049773756,,95.8675799086758
2003,Bristol Centre,36.4651011089367,,87.5
2004,Bristol Centre,34.6989399293286,,96.6530054644809
2005,Bristol Centre,34.0992188798404,,68.6872146118722
2006,Bristol St Paul's,31.0068273949221,,53.5045662100457
2007,Bristol St Paul's,31.3197203826343,,93.0821917808219
2008,Bristol St Paul's,32.4880966072455,,98.9867941712204
2009,Bristol St Paul's,30.3061368445803,,97.1004566210046
2010,Bristol St Paul's,31.6903862556354,,93.6872146118722
2011,Bristol St Paul's,27.1589612204495,,98.0251141552511
2012,Bristol St Paul's,31.5137942975874,,98.6224954462659
2013,Bristol St Paul's,27.9747696145833,,98.6301369863014
2014,Bristol St Paul's,28.1722916411379,,93.9041095890411
2015,Bristol St Paul's,26.2713156647399,,92.8196347031963
2016,Bristol St Paul's,27.3676749413119,,98.9298724954463
2017,Bristol St Paul's,23.6889858012451,,99.0182648401827
2018,Bristol St Paul's,23.8361077732408,,83.8698630136986
2019,Bristol St Paul's,23.3525234311754,,85.1712328767123
2004,Brighton Preston Park,30.7214182344428,,15.7331511839709
2005,Brighton Preston Park,22.12302951286,,96.3127853881278
2006,Brighton Preston Park,20.8227568572757,,98.2191780821918
2007,Brighton Preston Park,21.7687677053824,,96.7123287671233
2008,Brighton Preston Park,19.7003580917177,,98.554189435337
2009,Brighton Preston Park,18.9619697144839,,98.7557077625571
2010,Brighton Preston Park,21.7151979565773,,89.3835616438356
2011,Brighton Preston Park,16.9084757834758,,64.1095890410959
2012,Brighton Preston Park,16.0752873563218,,99.0437158469945
2013,Brighton Preston Park,16.7326765099353,,98.8127853881278
2014,Brighton Preston Park,15.3141410796501,,99.1780821917808
2015,Brighton Preston Park,14.621608561318,,98.3904109589041
2016,Brighton Preston Park,17.1677066350954,,88.945810564663
2017,Brighton Preston Park,16.986217033632,,98.0936073059361
2018,Brighton Preston Park,16.3428669938933,,99.0753424657534
2019,Brighton Preston Park,15.2419659851169,,96.6438356164384
2001,Canterbury,19.541808122721,,90.7876712328767
2002,Canterbury,18.3856794141579,,98.2077625570776
2003,Canterbury,21.9165129151292,,98.9954337899543
2004,Canterbury,18.2832315641146,,96.9489981785064
2005,Canterbury,17.0994977278163,,95.4566210045662
2006,Canterbury,17.7423585899988,,97.4771689497717
2007,Canterbury,17.7164954403786,,98.8926940639269
2008,Canterbury,16.8342502633735,,97.2563752276867
2009,Canterbury,15.7489052921306,,91.2442922374429
2010,Canterbury,18.2253342554172,,99.041095890411
2011,Canterbury,15.2784733927281,,94.8173515981735
2012,Canterbury,14.9772282076396,,92.9872495446266
2013,Canterbury,14.5414954811765,,97.0319634703196
2014,Canterbury,12.1182877118156,,99.0296803652968
2015,Canterbury,11.0386295828492,,98.2420091324201
2016,Canterbury,14.3184968801939,,98.6338797814208
2017,Canterbury,14.9000111495845,,98.9041095890411
2018,Canterbury,11.9942331648842,,97.134703196347
2019,Canterbury,12.1046596828875,,98.9954337899543
1992,Cardiff Centre,47.1424917793204,,62.3178506375228
1993,Cardiff Centre,43.2143372624489,,94.9086757990868
1994,Cardiff Centre,41.9106909263884,,95.9931506849315
1995,Cardiff Centre,41.2238350817273,,93.5844748858448
1996,Cardiff Centre,40.3563120911073,,93.9663023679417
1997,Cardiff Centre,39.0315814563223,,95.7876712328767
1998,Cardiff Centre,39.2505243532976,,97.9680365296804
1999,Cardiff Centre,32.6849759615385,,94.9771689497717
2000,Cardiff Centre,29.6166197843413,,97.1311475409836
2001,Cardiff Centre,33.4327170319579,,93.2305936073059
2002,Cardiff Centre,32.8168262819736,,94.1666666666667
2003,Cardiff Centre,34.5336118000261,,87.4543378995434
2004,Cardiff Centre,30.2380896777207,,97.4954462659381
2005,Cardiff Centre,35.4265422077922,,56.2557077625571
2006,Cardiff Centre,30.679948283968,,97.1232876712329
2007,Cardiff Centre,31.4877368359874,,98.2077625570776
2008,Cardiff Centre,29.008080341683,,98.6224954462659
2009,Cardiff Centre,31.0693702068324,,98.2420091324201
2010,Cardiff Centre,32.8543933054393,,95.4908675799087
2011,Cardiff Centre,27.2251258690961,,95.2283105022831
2012,Cardiff Centre,27.0954585262104,,90.9949908925319
2013,Cardiff Centre,25.9011592964944,,96.0616438356164
2014,Cardiff Centre,24.7987783300222,,97.6826484018265
2015,Cardiff Centre,26.7772415358117,,79.5319634703196
2016,Cardiff Centre,23.2874040453225,,97.962204007286
2017,Cardiff Centre,20.2435673930589,,99.0068493150685
2018,Cardiff Centre,18.2379731106472,,71.0844748858448
2019,Cardiff Centre,21.5683155385177,,62.5342465753425
2015,Chesterfield Loundsley Green,14.4005747470342,,65.4337899543379
2016,Chesterfield Loundsley Green,16.7165095011914,,71.6643897996357
2017,Chesterfield Loundsley Green,14.3727801885993,,53.8698630136986
2018,Chesterfield Loundsley Green,12.1709633511831,,91.6666666666667
2019,Chesterfield Loundsley Green,12.3829978058206,,94.5319634703196
2008,Chesterfield,17.8185058896466,,73.4517304189435
2009,Chesterfield,19.031377245509,,95.3196347031963
2010,Chesterfield,19.593307432009,,91.0844748858448
2011,Chesterfield,14.9427854753942,,95.5707762557078
2012,Chesterfield,18.2166842166842,,97.301912568306
2013,Chesterfield,18.1995684357474,,93.6301369863014
2014,Chesterfield,29.2863980760024,,38.1506849315069
1990,Central London,66.6004447739066,,61.5981735159817
1992,London Bloomsbury,65.8547778100494,,78.3925318761384
1993,London Bloomsbury,64.940703762328,,93.7557077625571
1994,London Bloomsbury,64.5214285714286,,95.8904109589041
1995,London Bloomsbury,67.4930836087648,,93.2534246575343
1996,London Bloomsbury,69.1197718631179,,95.8105646630237
1997,London Bloomsbury,70.4726409495549,,96.175799086758
1998,London Bloomsbury,65.2662095513052,,94.8972602739726
1999,London Bloomsbury,66.7981185790321,,92.2260273972603
2000,London Bloomsbury,59.0411234889784,,96.0610200364299
2001,London Bloomsbury,51.0803676953381,,86.9292237442922
2002,London Bloomsbury,42.4090354090354,,9.34931506849315
2003,London Bloomsbury,56.3997980817769,,67.8424657534247
2004,London Bloomsbury,58.4862813776999,,97.5068306010929
2005,London Bloomsbury,57.2022157292428,,93.7671232876712
2006,London Bloomsbury,56.8323954000489,,93.310502283105
2007,London Bloomsbury,61.2160547785548,,78.3561643835616
2008,London Bloomsbury,55.4415748393021,,99.1803278688525
2009,London Bloomsbury,54.4453859547301,,98.3447488584475
2010,London Bloomsbury,58.4924338685457,,98.824200913242
2011,London Bloomsbury,50.0526377628951,,97.1575342465753
2012,London Bloomsbury,55.2955676988464,,93.75
2013,London Bloomsbury,51.3299748811594,,98.458904109589
2014,London Bloomsbury,51.5964145383285,,99.0296803652968
2015,London Bloomsbury,48.2490168594275,,98.5045662100457
2016,London Bloomsbury,40.8520733240256,,97.8483606557377
2017,London Bloomsbury,37.6989597001274,,98.5958904109589
2018,London Bloomsbury,36.3894064355062,,98.7671232876712
2019,London Bloomsbury,31.5028675186916,,97.7168949771689
2014,Coventry Allesley,21.6079006496906,,47.9680365296804
2015,Coventry Allesley,22.7924069192618,,98.972602739726
2016,Coventry Allesley,22.5593768140069,,99.1575591985428
2017,Coventry Allesley,21.8808563597106,,97.8082191780822
2018,Coventry Allesley,20.4054677781694,,97.1575342465753
2019,Coventry Allesley,20.4444158768807,,99.3949771689498
2019,Crewe Coppenhall,20.401505160221,,20.662100456621
1997,Coventry Centre,22.0884974093264,,55.0799086757991
1998,Coventry Centre,29.9821473158552,,91.4383561643836
1999,Coventry Centre,28.620189061445,,33.8127853881279
2000,Coventry Centre,19.6878803245436,,44.8998178506375
2001,Cwmbran,17.6332531408714,,42.7054794520548
2002,Cwmbran,20.4318009598383,,90.3881278538813
2003,Cwmbran,18.7045040354074,,87.6940639269406
2004,Cwmbran,16.5801168251059,,99.3966302367942
2005,Cwmbran,16.7596319723979,,99.2579908675799
2006,Cwmbran,13.8346475507766,,95.5479452054795
2007,Cwmbran,13.9590027700831,,82.4200913242009
2008,Cwmbran,14.0229736706247,,88.2058287795993
2009,Cwmbran,14.1197253433208,,91.4383561643836
2010,Cwmbran,16.0110465116279,,98.1735159817352
2011,Cwmbran,13.0966662821548,,98.9611872146119
2012,Cwmbran,13.5598942688934,,94.7518214936248
2013,Cwmbran,13.3312507995405,,99.3721461187215
2014,Cwmbran,12.4862404322268,,99.041095890411
2015,Cwmbran,11.8824328294307,,99.4520547945205
2016,Cwmbran,13.1322510989011,,99.4535519125683
2017,Cwmbran,12.1367206709114,,96.8150684931507
2018,Cwmbran,12.6671207424434,,99.3264840182648
2019,Cwmbran,11.909333238806,,99.4292237442922
2017,Dundee Mains Loan,14.6111515038973,,24.8972602739726
2018,Dundee Mains Loan,12.3209068498306,,90.9931506849315
2019,Dundee Mains Loan,11.0111018509701,,95.9018264840183
2016,Derry Rosemount,10.4342158912159,,75.5578324225865
2017,Derry Rosemount,8.38760158492754,,98.458904109589
2018,Derry Rosemount,9.63793123230448,,98.37899543379
2019,Derry Rosemount,10.608239129677,,98.2420091324201
1997,Derry,21.5713636363636,,25.1141552511416
1998,Derry,13.3778359511344,,78.4931506849315
1999,Derry,15.5563315324812,,86.6324200913242
2000,Derry,14.7941141709018,,96.3228597449909
2001,Derry,15.7092521867685,,92.6598173515982
2002,Derry,15.3306412729026,,94.703196347032
2003,Derry,16.8182579564489,,95.4109589041096
2004,Derry,14.8665264720435,,92.0309653916211
2005,Derry,12.1461719816354,,91.9977168949772
2006,Derry,12.1507967353284,,88.1164383561644
2007,Derry,12.6081616988615,,89.2351598173516
2008,Derry,18.4641080312722,,96.1065573770492
2009,Derry,15.788433671453,,86.6552511415525
2010,Derry,19.1966156325544,,99.1666666666667
2011,Derry,15.5671418716946,,99.2922374429224
2012,Derry,15.0379500114653,,99.2941712204007
2013,Derry,14.0518410338324,,96.837899543379
2014,Derry,14.4479028654292,,98.4018264840183
2015,Derry,15.8768417534329,,75.6506849315068
2016,Derry,19.2548156585366,,16.3365209471767
2018,Dewsbury Ashworth Grove,27.1839476673945,,31.3698630136986
2019,Dewsbury Ashworth Grove,31.0442160938116,,28.9611872146119
2010,Eastbourne,NA,,0
2011,Eastbourne,14.0098881082488,,43.8698630136986
2012,Eastbourne,13.3380314775664,,96.9262295081967
2013,Eastbourne,12.3971688974855,,94.4292237442922
2014,Eastbourne,12.1196054592917,,80.9018264840183
2015,Eastbourne,10.5879942838978,,98.7557077625571
2016,Eastbourne,12.2517551719001,,99.33970856102
2017,Eastbourne,12.3374575749914,,99.3264840182648
2018,Eastbourne,10.9713544439834,,55.0228310502283
2019,Eastbourne,11.452327895466,,90.6392694063927
1997,Salford Eccles,43.2373296050332,,65.3196347031963
1998,Salford Eccles,41.7386431381901,,95.7420091324201
1999,Salford Eccles,42.557646780303,,96.4383561643836
2000,Salford Eccles,37.0573943661972,,96.9945355191257
2001,Salford Eccles,41.3380862597219,,96.8721461187215
2002,Salford Eccles,37.6110134739309,,97.4315068493151
2003,Salford Eccles,39.6383029153828,,96.324200913242
2004,Salford Eccles,34.2510945450243,,96.2090163934426
2005,Salford Eccles,38.5920384351407,,83.162100456621
2006,Salford Eccles,34.5488410596027,,96.5296803652968
2007,Salford Eccles,34.0701380175659,,90.9817351598173
2008,Salford Eccles,35.61008382643,,92.3497267759563
2009,Salford Eccles,39.2753623188406,,65.3767123287671
2010,Salford Eccles,41.9250066365808,,86.0045662100457
2011,Salford Eccles,32.7821494586744,,86.4611872146119
2012,Salford Eccles,27.8472471190781,,88.9116575591985
2013,Salford Eccles,29.9473688476679,,95.6963470319635
2014,Salford Eccles,29.5730781156985,,95.1141552511416
2015,Salford Eccles,27.0403025818815,,98.2876712328767
2016,Salford Eccles,28.8187731596439,,95.9130236794171
2017,Salford Eccles,26.1810492873263,,96.1073059360731
2018,Salford Eccles,24.7471450075188,,98.6872146118722
2019,Salford Eccles,25.4761923443008,,97.1461187214612
1992,Edinburgh Centre,53.0797169811321,,24.1347905282332
1993,Edinburgh Centre,50.9757211538462,,94.9771689497717
1994,Edinburgh Centre,50.4973211096559,,95.87899543379
1995,Edinburgh Centre,49.5660260384377,,92.0662100456621
1996,Edinburgh Centre,46.885555028463,,95.9927140255009
1997,Edinburgh Centre,48.5032521362071,,89.5091324200913
1998,Edinburgh Centre,47.314658210007,,97.1917808219178
1999,Edinburgh Centre,42.150042625746,,93.7328767123288
2000,Edinburgh Centre,44.6959605674441,,94.6948998178506
2001,Edinburgh Centre,43.3270131086142,,97.5342465753425
2002,Edinburgh Centre,47.5406158747014,,86.0045662100457
2003,Edinburgh Centre,49.7652781242205,,45.7648401826484
2003,Edinburgh St Leonards,34.4564498346196,,10.3538812785388
2004,Edinburgh St Leonards,25.0342628485682,,91.0405282331512
2005,Edinburgh St Leonards,24.7816474503744,,96.0388127853881
2006,Edinburgh St Leonards,26.5003042472922,,93.8013698630137
2007,Edinburgh St Leonards,27.1922489724016,,97.203196347032
2008,Edinburgh St Leonards,30.8748660554828,,95.6170309653916
2009,Edinburgh St Leonards,24.4647788439036,,97.5570776255708
2010,Edinburgh St Leonards,31.1321039202041,,98.4246575342466
2011,Edinburgh St Leonards,24.8188464662876,,98.3675799086758
2012,Edinburgh St Leonards,24.0849688293697,,98.6111111111111
2013,Edinburgh St Leonards,22.1654511306851,,99.1438356164384
2014,Edinburgh St Leonards,18.5808563084272,,66.9178082191781
2015,Edinburgh St Leonards,NA,,0
2016,Edinburgh St Leonards,20.1223716522047,,64.2873406193078
2017,Edinburgh St Leonards,19.7847420307367,,97.3059360730594
2018,Edinburgh St Leonards,17.9085113011679,,96.7694063926941
2019,Edinburgh St Leonards,20.7987692968562,,95.1369863013699
1990,Glasgow City Chambers,48.8047496790757,,88.9269406392694
1991,Glasgow City Chambers,49.7415146617409,,98.8812785388128
1992,Glasgow City Chambers,48.427240308294,,98.9640255009108
1993,Glasgow City Chambers,50.7944557996934,,89.3607305936073
1994,Glasgow City Chambers,49.5264074289031,,98.3447488584475
1995,Glasgow City Chambers,50.1178276269185,,96.689497716895
1996,Glasgow City Chambers,52.1928429423459,,97.3474499089253
1997,Glasgow City Chambers,50.4726402986816,,97.8424657534247
1998,Glasgow City Chambers,51.8915451895044,,97.8881278538813
1999,Glasgow City Chambers,51.2963438850602,,97.7283105022831
2000,Glasgow City Chambers,49.4459974587039,,98.554189435337
2001,Glasgow City Chambers,46.4721868856251,,98.7100456621005
2002,Glasgow City Chambers,46.8495978874085,,95.1027397260274
2003,Glasgow City Chambers,50.1840879225899,,95.5593607305936
2004,Glasgow City Chambers,49.335579828027,,97.9735883424408
2005,Glasgow City Chambers,45.9884197828709,,94.634703196347
2006,Glasgow City Chambers,46.9195629431594,,98.2077625570776
2007,Glasgow City Chambers,47.4072031909901,,97.3059360730594
2008,Glasgow City Chambers,47.507713722306,,98.1443533697632
2009,Glasgow City Chambers,46.1980733082707,,97.1689497716895
2010,Glasgow City Chambers,48.8068261787474,,97.3287671232877
2011,Glasgow City Chambers,49.6891661939875,,20.1255707762557
1996,Glasgow Centre,45.3567921440262,,41.7349726775956
1997,Glasgow Centre,43.465597940557,,97.5570776255708
1998,Glasgow Centre,43.8448158253752,,66.9406392694064
1999,Glasgow Centre,38.8898259705489,,85.2739726027397
2000,Glasgow Centre,37.1372053872054,,67.6229508196721
2001,Glasgow Centre,33.7672,,85.6164383561644
2002,Glasgow Centre,32.4182344428365,,94.6575342465753
2003,Glasgow Centre,38.5488882935976,,42.6141552511416
2004,Glasgow Centre,36.081842748681,,88.4676684881603
2005,Glasgow Centre,33.2735634930116,,95.5593607305936
2006,Glasgow Centre,31.3090087948657,,96.0502283105023
2007,Glasgow Centre,31.0687174398412,,92.0319634703196
2008,Glasgow Centre,34.5344878626406,,76.9125683060109
2009,Glasgow Centre,41.8086606243706,,90.6849315068493
2010,Glasgow Centre,43.6113577938771,,97.6940639269406
2011,Glasgow Centre,34.4845605700713,,96.1187214611872
2012,Glasgow Centre,32.0258316298086,,61.2591074681239
2013,Glasgow Townhead,33.3631867598344,,22.0547945205479
2014,Glasgow Townhead,26.9987883000346,,98.8470319634703
2015,Glasgow Townhead,26.199425942133,,95.4794520547945
2016,Glasgow Townhead,25.9803905023785,,98.1215846994535
2017,Glasgow Townhead,25.0592872311952,,98.9497716894977
2018,Glasgow Townhead,23.6629433621285,,99.1095890410959
2019,Glasgow Townhead,24.2024519043779,,99.0867579908676
2007,London Haringey,45.2195431472081,,8.99543378995434
2008,London Haringey,32.0027809965238,,98.2468123861566
2009,London Haringey,33.7483080513419,,97.8310502283105
2010,London Haringey,33.9884579870729,,98.9041095890411
2011,London Haringey,31.0285908781484,,67.0776255707762
2012,London Haringey,28.7898729710656,,64.5264116575592
2012,London Haringey Priory Park South,37.7922885572139,,9.15300546448087
2013,London Haringey Priory Park South,26.1810306274924,,97.3287671232877
2014,London Haringey Priory Park South,24.3255595837863,,73.5045662100457
2015,London Haringey Priory Park South,23.6867579427527,,93.7214611872146
2016,London Haringey Priory Park South,25.6625429327479,,98.5200364298725
2017,London Haringey Priory Park South,24.3910640132784,,99.7260273972603
2018,London Haringey Priory Park South,22.5199415200831,,98.9041095890411
2019,London Haringey Priory Park South,21.8819634488715,,99.1324200913242
1996,London Hillingdon,61.3127939793039,,24.2030965391621
1997,London Hillingdon,58.8199811498586,,96.8949771689498
1998,London Hillingdon,50.9176166590667,,75.1027397260274
1999,London Hillingdon,50.2418818716441,,44.6461187214612
2000,London Hillingdon,47.7114868804665,,97.6206739526412
2001,London Hillingdon,46.2491986228185,,96.1529680365297
2002,London Hillingdon,45.166194523135,,96.7123287671233
2003,London Hillingdon,53.7195189383467,,82.5799086757991
2004,London Hillingdon,47.2283381924198,,97.6206739526412
2005,London Hillingdon,45.4743839960966,,93.5844748858448
2006,London Hillingdon,48.7312764670296,,94.3493150684932
2007,London Hillingdon,45.0643731778426,,97.8881278538813
2008,London Hillingdon,50.7238356164384,,83.1056466302368
2009,London Hillingdon,53.9888680425266,,91.2671232876712
2010,London Hillingdon,53.6128679153491,,93.8584474885845
2011,London Hillingdon,55.2103662103662,,97.5684931506849
2012,London Hillingdon,57.1617509363296,,97.2677595628415
2013,London Hillingdon,52.8132994972325,,98.9954337899543
2014,London Hillingdon,57.5993387,,97.0319634703196
2015,London Hillingdon,51.9316176581039,,99.0981735159817
2016,London Hillingdon,51.7496969576261,,98.5997267759563
2017,London Hillingdon,53.1043491724138,,99.3150684931507
2018,London Hillingdon,46.443737609714,,92.6027397260274
2019,London Hillingdon,44.6850752092732,,91.0958904109589
1997,London Hackney,62.2044059227158,,94.8287671232877
1998,London Hackney,58.495742447218,,97.865296803653
1999,London Hackney,59.9002328716754,,93.1392694063927
2000,London Hackney,50.8161367349504,,90.5851548269581
2001,London Hackney,47.922751961376,,94.5776255707762
2002,London Hackney,46.5496568690923,,88.162100456621
2003,London Hackney,50.4559339008513,,91.1872146118722
2004,London Hackney,48.3444482640082,,99.3510928961749
2005,London Hackney,49.3644793989905,,97.2488584474886
2006,London Hackney,48.8060191518468,,83.4474885844749
2007,London Hackney,44.3250997238417,,74.4063926940639
2012,Honiton,8.38436552620182,,52.5728597449909
2013,Honiton,9.33268683429229,,99.2009132420091
2014,Honiton,8.50775078778697,,97.9566210045662
2015,Honiton,7.95110692431934,,98.9497716894977
2016,Honiton,8.11980547542925,,96.1407103825137
2017,Honiton,7.76723612850082,,97.0091324200913
2018,Honiton,7.72348048828578,,98.4246575342466
2019,Honiton,8.09912862828306,,99.5319634703196
2001,London Westminster,44.151878238342,,35.2511415525114
2002,London Westminster,43.1778353550819,,96.9292237442922
2003,London Westminster,50.2543103448276,,68.8584474885845
2004,London Westminster,46.0480069828339,,78.2559198542805
2005,London Westminster,47.8449633826171,,82.6141552511416
2006,London Westminster,50.6556070876442,,95.9931506849315
2007,London Westminster,37.4994832422855,,77.3173515981735
2008,London Westminster,39.9744690727631,,98.0988160291439
2009,London Westminster,44.105646841009,,98.6529680365297
2010,London Westminster,51.9830854126679,,95.1598173515982
2011,London Westminster,41.4763884078051,,98.8698630136986
2012,London Westminster,39.3193552155122,,97.4612932604736
2013,London Westminster,44.6367495751068,,98.8698630136986
2014,London Westminster,46.1528911511869,,99.0639269406393
2015,London Westminster,39.1713941966512,,96.1301369863014
2016,London Westminster,34.9356388068182,,60.1092896174863
2017,London Westminster,35.8608775684556,,83.37899543379
2018,London Westminster,31.6477852720649,,97.134703196347
2019,London Westminster,33.7447620408768,,77.0776255707762
2017,Hartlepool St Abbs Walk,19.5234172142064,,20.5707762557078
2018,Hartlepool St Abbs Walk,13.0630663102774,,99.189497716895
2019,Hartlepool St Abbs Walk,12.3527442428078,,99.2009132420091
2002,Hull Freetown,38.1180981595092,,14.8858447488584
2003,Hull Freetown,33.0562796930199,,93.7100456621005
2004,Hull Freetown,27.3676095820591,,89.344262295082
2005,Hull Freetown,21.4304430270643,,66.2214611872146
2006,Hull Freetown,23.5173729928929,,86.7351598173516
2007,Hull Freetown,24.7654573942389,,94.7146118721461
2008,Hull Freetown,27.3205506391347,,92.6229508196721
2009,Hull Freetown,27.1753612539799,,93.2191780821918
2010,Hull Freetown,27.9236161469664,,94.4520547945205
2011,Hull Freetown,28.7085196374622,,94.4634703196347
2012,Hull Freetown,27.0428849902534,,93.4426229508197
2013,Hull Freetown,26.7391298378768,,95.0570776255708
2014,Hull Freetown,25.7313581479753,,97.8196347031963
2015,Hull Freetown,24.4186927858143,,97.8538812785388
2016,Hull Freetown,22.961092472363,,98.8615664845173
2017,Hull Freetown,23.6129325493136,,98.9611872146119
2018,Hull Freetown,22.0385567631124,,99.0296803652968
2019,Hull Freetown,22.4755694813446,,98.824200913242
1994,Hull Centre,46.0329102021627,,97.1232876712329
1995,Hull Centre,45.4468384074941,,97.4885844748858
1996,Hull Centre,42.8456587735276,,93.75
1997,Hull Centre,39.2618567103935,,90.5022831050228
1998,Hull Centre,38.9349678925861,,97.7739726027397
1999,Hull Centre,38.6914432869016,,97.5228310502283
2000,Hull Centre,35.7872543180465,,95.5714936247723
2001,Hull Centre,36.089077782953,,98.0365296803653
2002,Hull Centre,49.1943005181347,,4.40639269406393
2017,Immingham Woodlands Avenue,16.889733913649,,16.3926940639269
2018,Immingham Woodlands Avenue,13.4607161745316,,65.7990867579909
2019,Immingham Woodlands Avenue,13.4994846453391,,95.2739726027397
1996,London N. Kensington,44.0566337893732,,71.5619307832423
1997,London N. Kensington,49.5956782990525,,98.7899543378995
1998,London N. Kensington,45.3159541188738,,98.527397260274
1999,London N. Kensington,45.6689492325856,,96.689497716895
2000,London N. Kensington,40.2351482225109,,96.3911657559199
2001,London N. Kensington,41.46374568401,,95.87899543379
2002,London N. Kensington,39.5827538247566,,98.4931506849315
2003,London N. Kensington,44.3781094527363,,94.0753424657534
2004,London N. Kensington,39.8046056419113,,98.8729508196721
2005,London N. Kensington,40.220488385944,,95.8333333333333
2006,London N. Kensington,37.7338932351588,,99.2237442922374
2007,London N. Kensington,39.0227089337176,,99.0296803652968
2008,London N. Kensington,33.0396956246037,,89.7654826958106
2009,London N. Kensington,33.3103163361662,,96.7123287671233
2010,London N. Kensington,36.8260596151427,,90.7648401826484
2011,London N. Kensington,36.1125692270648,,94.8173515981735
2012,London N. Kensington,36.7273146546754,,98.7363387978142
2013,London N. Kensington,36.8633549310028,,99.2694063926941
2014,London N. Kensington,34.3816697821759,,97.4771689497717
2015,London N. Kensington,31.7156013987546,,98.9954337899543
2016,London N. Kensington,34.6621014612818,,98.9412568306011
2017,London N. Kensington,32.6893478472302,,99.5319634703196
2018,London N. Kensington,29.0978871384191,,99.2123287671233
2019,London N. Kensington,27.2826839806273,,98.9954337899543
1996,Leamington Spa,39.8839238498149,,43.0555555555556
1997,Leamington Spa,31.4704316409964,,60.0342465753425
1998,Leamington Spa,32.1409270906126,,98.013698630137
1999,Leamington Spa,29.800638902035,,96.4840182648402
2000,Leamington Spa,26.6984273820537,,98.4517304189435
2001,Leamington Spa,31.4738026760035,,91.2899543378995
2002,Leamington Spa,28.6001422981146,,96.2671232876712
2003,Leamington Spa,32.9565888812629,,66.5296803652968
2004,Leamington Spa,25.0710296260321,,93.7613843351548
2005,Leamington Spa,25.1095487246566,,69.8173515981735
2006,Leamington Spa,20.0863015848109,,72.7511415525114
2007,Leamington Spa,24.7618208046161,,71.2214611872146
2008,Leamington Spa,27.1066401062417,,85.724043715847
2009,Leamington Spa,27.024726640159,,91.8721461187215
2010,Leamington Spa,28.3106182486785,,99.337899543379
2011,Leamington Spa,21.0570500927644,,98.4474885844749
2012,Leamington Spa,20.6891499152337,,94.011839708561
2013,Leamington Spa,22.7223691114458,,53.0593607305936
2014,Leamington Spa,19.6213280119727,,81.9977168949772
2015,Leamington Spa,19.2986723737667,,98.3447488584475
2016,Leamington Spa,21.3887251296426,,97.4726775956284
2017,Leamington Spa,23.4574191784473,,98.5159817351598
2018,Leamington Spa,17.5008666252485,,91.8721461187215
2019,Leamington Spa,17.8402475547661,,96.4041095890411
2013,Leicester University,32.4277613917808,,20.8333333333333
2014,Leicester University,26.9121166398366,,95.0228310502283
2015,Leicester University,26.9836000518433,,99.0867579908676
2016,Leicester University,28.3718597566016,,99.1575591985428
2017,Leicester University,25.9441914823393,,98.5730593607306
2018,Leicester University,23.2449595788747,,99.2123287671233
2019,Leicester University,24.0815335591658,,99.0753424657534
1993,Leeds Centre,50.4657817109145,,77.3972602739726
1994,Leeds Centre,54.1709758131776,,95.810502283105
1995,Leeds Centre,50.2254035583834,,96.8835616438356
1996,Leeds Centre,51.6779321714555,,96.6757741347905
1997,Leeds Centre,51.3728132387707,,96.5753424657534
1998,Leeds Centre,45.6446402349486,,93.2876712328767
1999,Leeds Centre,43.1945901830477,,97.9109589041096
2000,Leeds Centre,36.5916617733412,,96.9376138433515
2001,Leeds Centre,35.7020500565967,,90.7648401826484
2002,Leeds Centre,38.802829817896,,87.134703196347
2003,Leeds Centre,40.3130630630631,,86.1643835616438
2004,Leeds Centre,31.4356533564099,,92.0878870673953
2005,Leeds Centre,30.602260027319,,91.9292237442922
2006,Leeds Centre,38.9436268396109,,91.5296803652968
2007,Leeds Centre,37.2657439446367,,98.972602739726
2008,Leeds Centre,35.158183689809,,99.5332422586521
2009,Leeds Centre,33.9225301204819,,94.7488584474886
2010,Leeds Centre,36.4679846938776,,89.4977168949772
2011,Leeds Centre,37.7688230333695,,94.7602739726027
2012,Leeds Centre,35.9362756395483,,98.7932604735883
2013,Leeds Centre,34.3276945092025,,96.7579908675799
2014,Leeds Centre,38.2745134072581,,96.2557077625571
2015,Leeds Centre,31.051427914637,,98.4246575342466
2016,Leeds Centre,32.5133243367112,,98.8615664845173
2017,Leeds Centre,31.8189204012488,,98.7214611872146
2018,Leeds Centre,29.7296546860856,,98.3675799086758
2019,Leeds Centre,28.274655156232,,99.0068493150685
1994,Leicester Centre,43.1872632575758,,96.4383561643836
1995,Leicester Centre,44.5827586206897,,96.0045662100457
1996,Leicester Centre,42.360754985755,,95.9016393442623
1997,Leicester Centre,40.6593511450382,,95.7077625570776
1998,Leicester Centre,39.9772397094431,,94.2922374429224
1999,Leicester Centre,41.2779285124454,,96.7694063926941
2000,Leicester Centre,34.2232408620074,,95.6170309653916
2001,Leicester Centre,34.5959288722508,,97.5799086757991
2002,Leicester Centre,34.7460720328741,,94.4520547945205
2003,Leicester Centre,37.297518640753,,93.3904109589041
2004,Leicester Centre,36.4286094832179,,85.4735883424408
2005,Leicester Centre,32.6492177390895,,97.0433789954338
2006,Leicester Centre,30.4704859097762,,98.4360730593607
2007,Leicester Centre,31.5984569322893,,99.1324200913242
2008,Leicester Centre,29.5692978430473,,99.2258652094718
2009,Leicester Centre,29.3008991255081,,92.6826484018265
2010,Leicester Centre,41.5243695097761,,80.5707762557078
2011,Leicester Centre,29.5097016142182,,70.0114155251142
2012,Leicester Centre,30.0129936305732,,89.3670309653916
2013,Leicester Centre,24.9606980655067,,66.9178082191781
1993,Liverpool Centre,50.8808329152032,,45.5022831050228
1994,Liverpool Centre,48.9579395085066,,96.62100456621
1995,Liverpool Centre,49.398177399757,,93.9497716894977
1996,Liverpool Centre,46.88926448304,,97.6662112932605
1997,Liverpool Centre,43.8484230723108,,95.1940639269406
1998,Liverpool Centre,37.5736710667142,,95.9931506849315
1999,Liverpool Centre,40.4395825474664,,90.7876712328767
2000,Liverpool Centre,35.283451536643,,96.3114754098361
2001,Liverpool Centre,38.3542821934689,,92.6369863013699
2002,Liverpool Centre,35.6933041722746,,67.8538812785388
1997,London Lewisham,55.461853188929,,47.4315068493151
1998,London Lewisham,51.6631720102402,,93.6415525114155
1999,London Lewisham,53.8600744029761,,95.1255707762557
2000,London Lewisham,50.9873750657549,,43.2832422586521
2001,London Lewisham,NA,,0
2002,London Lewisham,50.0743680547075,,93.4817351598173
2003,London Lewisham,55.3516332378223,,99.6004566210046
2004,London Lewisham,48.895753344968,,97.8483606557377
2005,London Lewisham,50.8455518471631,,99.189497716895
2006,London Lewisham,54.5405807892777,,91.986301369863
2007,London Lewisham,52.2917355371901,,69.0639269406393
1990,Manchester Town Hall,52.9330377974802,,97.8538812785388
1991,Manchester Town Hall,51.856928925239,,99.0981735159817
1992,Manchester Town Hall,59.3474316682375,,96.6302367941712
1993,Manchester Town Hall,49.0950899031812,,99.041095890411
1994,Manchester Town Hall,48.6202998846597,,98.972602739726
1995,Manchester Town Hall,44.6494072102589,,94.3607305936073
1996,Manchester Town Hall,54.2090951711205,,97.1311475409836
1997,Manchester Town Hall,51.5740498034076,,95.810502283105
1998,Manchester Town Hall,41.962160262418,,97.4429223744292
1999,Manchester Town Hall,42.0605254021525,,98.6415525114155
2000,Manchester Town Hall,41.2900463788798,,95.7308743169399
2001,Manchester Town Hall,47.226624956552,,98.527397260274
2002,Manchester Town Hall,43.187044534413,,98.6872146118722
2003,Manchester Town Hall,44.2234695058442,,98.6415525114155
2004,Manchester Town Hall,40.4602525556224,,94.6607468123862
2005,Manchester Town Hall,43.3807118807119,,94.9315068493151
2006,Manchester Town Hall,42.4097477666842,,86.8949771689498
2007,Manchester Town Hall,36.7460520019142,,71.5639269406393
1995,Manchester Piccadilly,NA,,0
1996,Manchester Piccadilly,54.3891296273369,,91.9512750455373
1997,Manchester Piccadilly,41.390522875817,,90.8219178082192
1998,Manchester Piccadilly,39.7249492416099,,95.5821917808219
1999,Manchester Piccadilly,43.009162145871,,94.6917808219178
2000,Manchester Piccadilly,41.099040037462,,97.2449908925319
2001,Manchester Piccadilly,44.4558431372549,,72.7739726027397
2002,Manchester Piccadilly,38.6907894736842,,90.2283105022831
2003,Manchester Piccadilly,44.7243110695936,,97.7625570776256
2004,Manchester Piccadilly,42.8593105122603,,93.7841530054645
2005,Manchester Piccadilly,45.0776812954705,,48.6415525114155
2006,Manchester Piccadilly,43.8095628735498,,97.4086757990868
2007,Manchester Piccadilly,44.44,,96.175799086758
2008,Manchester Piccadilly,42.5430569721696,,78.1306921675774
2009,Manchester Piccadilly,41.5923757319048,,91.6324200913242
2010,Manchester Piccadilly,45.2815080789946,,95.3767123287671
2011,Manchester Piccadilly,44.0460596065497,,96.9063926940639
2012,Manchester Piccadilly,40.8594331153008,,88.7636612021858
2013,Manchester Piccadilly,38.784902852263,,93.5730593607306
2014,Manchester Piccadilly,40.4842767960246,,96.4840182648402
2015,Manchester Piccadilly,39.3655030291082,,98.4360730593607
2016,Manchester Piccadilly,40.0702755892943,,94.8542805100182
2017,Manchester Piccadilly,35.7208940385072,,96.0502283105023
2018,Manchester Piccadilly,34.6403531928127,,99.1095890410959
2019,Manchester Piccadilly,36.3451921422797,,98.8470319634703
1992,Newcastle Centre,51.4498123827392,,72.8142076502732
1993,Newcastle Centre,54.2162001191185,,95.8333333333333
1994,Newcastle Centre,46.7079926784625,,93.5502283105023
1995,Newcastle Centre,39.4868614931238,,92.9680365296804
1996,Newcastle Centre,40.7135996251611,,97.1880692167577
1997,Newcastle Centre,39.6064798391865,,96.541095890411
1998,Newcastle Centre,36.0177707930368,,94.4292237442922
1999,Newcastle Centre,30.8442412117748,,79.8858447488584
2000,Newcastle Centre,29.4707724425887,,98.155737704918
2001,Newcastle Centre,31.2468,,85.6164383561644
2002,Newcastle Centre,29.5794494083555,,94.5433789954338
2003,Newcastle Centre,31.7209703238517,,92.7054794520548
2004,Newcastle Centre,28.81159621802,,81.8761384335155
2005,Newcastle Centre,28.1732198513546,,95.2283105022831
2006,Newcastle Centre,28.5635208711434,,62.8995433789954
2007,Newcastle Centre,29.0667018887862,,86.4269406392694
2008,Newcastle Centre,34.7360256094558,,92.4635701275046
2009,Newcastle Centre,33.7264728385616,,89.5205479452055
2010,Newcastle Centre,31.8542229531305,,97.1803652968037
2011,Newcastle Centre,32.6137818647422,,98.0707762557078
2012,Newcastle Centre,29.5184135977337,,96.448087431694
2013,Newcastle Centre,29.3069121780902,,97.4315068493151
2014,Newcastle Centre,31.7419244742036,,80.9817351598173
2015,Newcastle Centre,29.4213191883467,,95.2168949771689
2016,Newcastle Centre,29.8233987424734,,98.3151183970856
2017,Newcastle Centre,28.772044398665,,99.189497716895
2018,Newcastle Centre,28.6335985095905,,88.0821917808219
2019,Newcastle Centre,32.1255598360465,,98.1735159817352
2009,Norwich Lakenfields,18.0198065407646,,24.7831050228311
2010,Norwich Lakenfields,13.2411927528938,,90.7305936073059
2011,Norwich Lakenfields,13.0895503952569,,92.4200913242009
2012,Norwich Lakenfields,14.2806429232192,,98.4517304189435
2013,Norwich Lakenfields,14.7143670291308,,96.7922374429224
2014,Norwich Lakenfields,13.7829119569224,,99.1095890410959
2015,Norwich Lakenfields,12.2940742708196,,86.4954337899543
2016,Norwich Lakenfields,14.1232880734633,,91.120218579235
2017,Norwich Lakenfields,13.2773934460473,,98.9155251141552
2018,Norwich Lakenfields,11.6554669837801,,99.2351598173516
2019,Norwich Lakenfields,12.723653948034,,99.2922374429224
1997,Norwich Centre,27.6353291790843,,42.134703196347
1998,Norwich Centre,25.6125,,93.1506849315068
1999,Norwich Centre,27.0536676822123,,97.4200913242009
2000,Norwich Centre,24.8660881801126,,97.0856102003643
2001,Norwich Centre,28.2551156314324,,94.2808219178082
2002,Norwich Centre,25.233016712757,,94.9429223744292
2003,Norwich Centre,25.1683192261185,,94.4063926940639
2004,Norwich Centre,21.3142570281125,,90.7103825136612
2005,Norwich Centre,22.6402966625464,,83.1164383561644
2006,Norwich Centre,21.4022352805623,,99.0753424657534
2007,Norwich Centre,22.2995970063328,,99.1438356164384
2008,Norwich Centre,28.7822403514277,,36.2818761384335
1996,Nottingham Centre,52.5049773755656,,25.1593806921676
1997,Nottingham Centre,48.5947265625,,58.4474885844749
1998,Nottingham Centre,46.7896786757546,,93.7899543378995
1999,Nottingham Centre,44.1124225780063,,97.6826484018265
2000,Nottingham Centre,40.2005102632494,,98.1671220400729
2001,Nottingham Centre,35.3273536552468,,84.634703196347
2002,Nottingham Centre,35.205080400839,,97.9680365296804
2003,Nottingham Centre,36.3531630876378,,78.675799086758
2004,Nottingham Centre,35.0723585378067,,90.9380692167577
2005,Nottingham Centre,32.5697775568535,,91.8607305936073
2006,Nottingham Centre,33.6022105875509,,98.1164383561644
2007,Nottingham Centre,33.2828139754485,,96.7123287671233
2008,Nottingham Centre,32.9993014320643,,97.7800546448087
2009,Nottingham Centre,34.5288177339901,,92.6940639269406
2010,Nottingham Centre,39.9554861833738,,98.7328767123288
2011,Nottingham Centre,35.8628965189497,,96.0844748858448
2012,Nottingham Centre,37.0870022188485,,97.4840619307832
2013,Nottingham Centre,37.0439938127367,,96.4383561643836
2014,Nottingham Centre,34.0686272612591,,96.8264840182648
2015,Nottingham Centre,31.6108277866912,,86.8036529680365
2016,Nottingham Centre,31.1865995077065,,98.9754098360656
2017,Nottingham Centre,29.6710222580274,,99.189497716895
2018,Nottingham Centre,27.513089468497,,97.2945205479452
2019,Nottingham Centre,27.7285233592661,,98.310502283105
2008,Newport,24.311616399623,,96.6302367941712
2009,Newport,24.7196960976171,,99.1666666666667
2010,Newport,26.0208333333333,,95.8904109589041
2011,Newport,22.0057709195835,,90.9931506849315
2012,Newport,21.7103741295881,,96.4594717668488
2013,Newport,22.9671264573933,,88.5502283105023
2014,Newport,21.68214690625,,94.9771689497717
2015,Newport,20.7664138256369,,86.027397260274
2016,Newport,21.8280645854484,,94.1939890710382
2017,Newport,19.5184779687156,,51.8150684931507
2018,Newport,18.5014242947203,,43.458904109589
2019,Newport,19.8866518585202,,98.2762557077626
2012,Northampton Kingsthorpe,15.4334867942816,,46.9831511839709
2013,Northampton Kingsthorpe,15.5113224401527,,98.7100456621005
2014,Northampton Kingsthorpe,13.7569453965517,,99.3150684931507
2015,Northampton Kingsthorpe,13.5470562101637,,92.7739726027397
2016,Northampton Kingsthorpe,16.0388570059619,,78.290072859745
2017,Northampton Kingsthorpe,17.7805451906885,,23.0479452054795
2017,Northampton Spring Park,12.4984527768444,,74.7374429223744
2018,Northampton Spring Park,12.9077608239485,,99.337899543379
2019,Northampton Spring Park,13.5895437863039,,74.6803652968037
2001,Northampton,23.0111559915368,,59.3493150684931
2002,Northampton,21.4137772146066,,99.0981735159817
2003,Northampton,24.3935142594296,,99.2694063926941
2004,Northampton,19.7715331329238,,87.1015482695811
2005,Northampton,22.6346069389548,,51.986301369863
2006,Northampton,21.1395106111562,,98.4360730593607
2007,Northampton,21.3473980309423,,97.3972602739726
2008,Northampton,20.7206752094628,,92.3952641165756
2009,Northampton,20.6035734870317,,99.0296803652968
2010,Northampton,20.6076808094745,,99.2808219178082
2011,Northampton,17.8568307267709,,99.2694063926941
2012,Northampton,18.6310488285527,,51.9922586520947
1997,Sandwell Oldbury,39.6826119969628,,30.0684931506849
1998,Sandwell Oldbury,35.3227085053675,,69.12100456621
2008,Oxford St Ebbes,19.2042847270214,,82.365664845173
2009,Oxford St Ebbes,23.4819243986254,,83.0479452054795
2010,Oxford St Ebbes,22.4017814726841,,96.1187214611872
2011,Oxford St Ebbes,18.4013125911522,,93.9269406392694
2012,Oxford St Ebbes,17.8224787029404,,82.8551912568306
2013,Oxford St Ebbes,18.4046729945406,,98.2762557077626
2014,Oxford St Ebbes,16.48488599931,,99.2694063926941
2015,Oxford St Ebbes,14.1131341131767,,97.6369863013699
2016,Oxford St Ebbes,18.9953526526807,,24.4193989071038
2017,Oxford St Ebbes,13.6654428371711,,97.1689497716895
2018,Oxford St Ebbes,14.7282474498434,,98.4360730593607
2019,Oxford St Ebbes,15.9062969251494,,97.4543378995434
2009,Peebles,12.1042760690173,,15.216894977169
2010,Peebles,9.39719517848864,,98.4931506849315
2011,Peebles,7.02687091913611,,90.9132420091324
2012,Peebles,7.97246860960719,,98.8274134790528
2013,Peebles,8.14508094122945,,50.6963470319635
2014,Peebles,6.07400864625302,,99.1666666666667
2015,Peebles,5.80500169008735,,90.1712328767123
2016,Peebles,5.77987755414747,,98.816029143898
2017,Peebles,5.32640075532527,,99.1438356164384
2018,Peebles,5.73276360255741,,87.4885844748858
2019,Peebles,5.67152475559142,,99.0182648401827
1997,Plymouth Centre,41.1446306641837,,18.3904109589041
1998,Plymouth Centre,26.8764142732811,,39.3493150684931
1999,Plymouth Centre,21.9933690385106,,89.5205479452055
2000,Plymouth Centre,23.7522678762006,,85.3369763205829
2001,Plymouth Centre,33.1899004267425,,96.3013698630137
2002,Plymouth Centre,25.9184711868418,,96.472602739726
2003,Plymouth Centre,27.9539170506912,,91.6552511415525
2004,Plymouth Centre,26.8191693290735,,89.0824225865209
2005,Plymouth Centre,25.3610625655365,,97.9794520547945
2006,Plymouth Centre,22.1610169491525,,44.4520547945205
2007,Plymouth Centre,22.9844908968307,,84.6461187214612
2008,Plymouth Centre,21.4845389673989,,81.3638433515483
2009,Plymouth Centre,26.5149330587024,,88.675799086758
2010,Plymouth Centre,35.7325637325637,,94.9315068493151
2011,Plymouth Centre,27.3749340369393,,86.5296803652968
2012,Plymouth Centre,23.6175131348511,,97.5068306010929
2013,Plymouth Centre,22.1720128198614,,98.8584474885845
2014,Plymouth Centre,22.3406543053948,,98.6073059360731
2015,Plymouth Centre,18.7741823731361,,98.7557077625571
2016,Plymouth Centre,21.8771727281085,,99.0664845173042
2017,Plymouth Centre,19.5406127491052,,98.8698630136986
2018,Plymouth Centre,18.5912237155381,,98.9611872146119
2019,Plymouth Centre,18.9312328719604,,99.0525114155251
2001,Portsmouth,27.4869585742948,,96.7237442922374
2002,Portsmouth,25.5506336472503,,98.1849315068493
2003,Portsmouth,26.1004675698358,,95.2168949771689
2004,Portsmouth,23.9166763374724,,98.0988160291439
2005,Portsmouth,23.1070222429254,,98.0251141552511
2006,Portsmouth,22.2270475751641,,99.0981735159817
2007,Portsmouth,22.8053025936599,,99.0296803652968
2008,Portsmouth,23.4082159624413,,96.9945355191257
2009,Portsmouth,21.863355485601,,97.9109589041096
2010,Portsmouth,21.868025626092,,98.0022831050228
2011,Portsmouth,19.0010822510823,,94.9315068493151
2012,Portsmouth,21.1650257852789,,97.1311475409836
2013,Portsmouth,20.2726412947583,,83.8470319634703
2014,Portsmouth,20.2214678320493,,74.0867579908676
2015,Portsmouth,18.7694263942072,,93.013698630137
2016,Portsmouth,20.044978676542,,93.7613843351548
2017,Portsmouth,19.1880152249738,,98.1849315068493
2018,Portsmouth,18.6809746053235,,99.4977168949772
2019,Portsmouth,17.4736984998854,,99.6118721461187
2000,Preston,23.8261846405229,,55.7377049180328
2001,Preston,26.714002102067,,97.7511415525114
2002,Preston,27.0931126908286,,97.9566210045662
2003,Preston,27.9509059745348,,93.2420091324201
2004,Preston,24.9838183794228,,94.273679417122
2005,Preston,21.7772460635999,,73.9497716894977
2006,Preston,22.4444444444444,,90.3082191780822
2007,Preston,23.2606934350054,,95.810502283105
2008,Preston,21.1312596799174,,88.2058287795993
2009,Preston,24.3185282908238,,77.8767123287671
2010,Preston,39.1368727942305,,74.3949771689498
2011,Preston,30.9081585081585,,97.9452054794521
2012,Preston,30.2954251440668,,96.8010018214936
2013,Preston,25.3837076959151,,92.5
2014,Preston,26.5346732742317,,86.9178082191781
2015,Preston,21.9458967403824,,99.1095890410959
2016,Preston,23.5572330803208,,97.9394353369763
2017,Preston,20.194981096924,,98.3447488584475
2018,Preston,21.1256157149441,,99.0753424657534
2019,Preston,22.7926666086054,,98.9611872146119
2003,Reading New Town,30.9352317141262,,20.4452054794521
2004,Reading New Town,25.3647906238555,,93.2490892531876
2005,Reading New Town,22.8724832214765,,95.2511415525114
2006,Reading New Town,20.6733974358974,,71.2328767123288
2007,Reading New Town,22.9036101513166,,95.810502283105
2008,Reading New Town,22.2755942028985,,98.1898907103825
2009,Reading New Town,22.405102954342,,51.0045662100457
2010,Reading New Town,24.9949558638083,,72.4200913242009
2011,Reading New Town,25.8569708644353,,94.8173515981735
2012,Reading New Town,25.4621838667146,,94.9795081967213
2013,Reading New Town,26.5530159778813,,98.0593607305936
2014,Reading New Town,26.509823912436,,98.0365296803653
2015,Reading New Town,22.2240423649601,,97.2146118721461
2016,Reading New Town,28.6996572193437,,98.8729508196721
2017,Reading New Town,28.7037088941312,,99.2009132420091
2018,Reading New Town,25.8595451127474,,99.2237442922374
2019,Reading New Town,24.2777380244239,,57.9566210045662
1997,Reading,46.1718689788054,,29.6232876712329
1998,Reading,41.1764212041257,,95.1826484018265
1999,Reading,38.7917062737643,,96.0730593607306
2000,Reading,33.8072866730585,,94.9908925318761
2001,Reading,31.7704476212796,,97.4200913242009
2002,Reading,33.1608425083772,,95.3881278538813
2003,Reading,29.337037037037,,9.24657534246575
1997,Rotherham Centre,34.8164251207729,,51.986301369863
1998,Rotherham Centre,36.1503780453654,,81.5296803652968
1999,Rotherham Centre,37.688617531618,,26.175799086758
2000,Rotherham Centre,33.3831677381648,,97.3929872495446
2001,Rotherham Centre,33.8507444764649,,95.0684931506849
2002,Rotherham Centre,33.5445057581574,,95.1598173515982
2003,Rotherham Centre,34.7250088516464,,96.7237442922374
2004,Rotherham Centre,34.8997181775481,,96.9489981785064
2005,Rotherham Centre,34.0630397236615,,92.5342465753425
2006,Rotherham Centre,36.6050740577797,,77.8424657534247
2007,Rotherham Centre,31.802313712147,,67.1004566210046
2000,Southend-on-Sea,24.8466453674121,,39.1962659380692
2001,Southend-on-Sea,26.1060551773558,,95.5821917808219
2002,Southend-on-Sea,24.60999405116,,95.9474885844749
2003,Southend-on-Sea,25.2638562543193,,82.5913242009132
2004,Southend-on-Sea,23.7076176250934,,91.4617486338798
2005,Southend-on-Sea,23.4533714143797,,91.9292237442922
2006,Southend-on-Sea,20.4737210932025,,97.7397260273973
2007,Southend-on-Sea,24.7671975992613,,98.9041095890411
2008,Southend-on-Sea,22.7509174311927,,99.2714025500911
2009,Southend-on-Sea,19.9351279050326,,68.2762557077626
2010,Southend-on-Sea,20.4968553459119,,49.0068493150685
2011,Southend-on-Sea,22.4004783871519,,66.8150684931507
2012,Southend-on-Sea,23.8982941744448,,70.7422586520947
2013,Southend-on-Sea,20.2804423862816,,94.8630136986301
2014,Southend-on-Sea,19.4001475326543,,95.2625570776256
2015,Southend-on-Sea,18.1122356501045,,98.3333333333333
2016,Southend-on-Sea,20.5018440308789,,95.856102003643
2017,Southend-on-Sea,20.1685049422336,,97.8196347031963
2018,Southend-on-Sea,18.7864507739985,,75.513698630137
2019,Southend-on-Sea,17.8746900288351,,98.972602739726
2013,Sheffield Devonshire Green,36.4751367902098,,16.324200913242
2014,Sheffield Devonshire Green,28.7682108428986,,98.458904109589
2015,Sheffield Devonshire Green,25.4886535565749,,74.6575342465753
2016,Sheffield Devonshire Green,25.3507981643962,,98.6111111111111
2017,Sheffield Devonshire Green,22.3008903121012,,98.3904109589041
2018,Sheffield Devonshire Green,23.0794870454283,,98.7557077625571
2019,Sheffield Devonshire Green,24.5973124451411,,80.1141552511416
1990,Sheffield Tinsley,45.5566750629723,,9.06392694063927
1991,Sheffield Tinsley,52.4732248171739,,96.7808219178082
1992,Sheffield Tinsley,58.6427166493116,,98.3948087431694
1993,Sheffield Tinsley,54.107406552838,,98.9497716894977
1994,Sheffield Tinsley,53.9347877358491,,96.8036529680365
1995,Sheffield Tinsley,50.4558274574865,,82.5684931506849
1996,Sheffield Tinsley,47.6615122366979,,93.4995446265938
1997,Sheffield Tinsley,50.1594927873429,,98.1278538812785
1998,Sheffield Tinsley,50.5347368421053,,97.6027397260274
1999,Sheffield Tinsley,46.2175266371364,,95.3538812785388
2000,Sheffield Tinsley,43.5596448183199,,97.4385245901639
2001,Sheffield Tinsley,44.7813077634011,,98.8127853881278
2002,Sheffield Tinsley,41.451438000943,,96.8493150684932
2003,Sheffield Tinsley,45.5407608695652,,96.62100456621
2004,Sheffield Tinsley,40.1329128986197,,95.6739526411658
2005,Sheffield Tinsley,31.8988750878838,,97.4200913242009
2006,Sheffield Tinsley,39.566813339509,,98.5844748858448
2007,Sheffield Tinsley,35.2289356066876,,68.9611872146119
2008,Sheffield Tinsley,37.6203243958954,,34.3920765027322
2009,Sheffield Tinsley,33.5469982617997,,85.3767123287671
2010,Sheffield Tinsley,35.2079584775086,,98.972602739726
2011,Sheffield Tinsley,33.960235131397,,99.041095890411
2012,Sheffield Tinsley,35.2096904131661,,98.9184881602914
2013,Sheffield Tinsley,32.0673431585751,,79.4748858447489
2014,Sheffield Tinsley,34.1053842630631,,95.0342465753425
2015,Sheffield Tinsley,33.6868703944003,,84.8059360730594
2016,Sheffield Tinsley,27.4755939944713,,98.8387978142077
2017,Sheffield Tinsley,26.7431429515883,,97.3858447488584
2018,Sheffield Tinsley,26.863361052879,,97.1461187214612
2019,Sheffield Tinsley,27.8893184544805,,95.7990867579909
1995,Sheffield Centre,NA,,0
1996,Sheffield Centre,45.7584094185488,,94.7632058287796
1997,Sheffield Centre,46.4433827042523,,95.5707762557078
1998,Sheffield Centre,37.8713028599364,,93.4018264840183
1999,Sheffield Centre,36.8573929279963,,97.8196347031963
2000,Sheffield Centre,34.8890327135797,,96.7440801457195
2001,Sheffield Centre,36.897899307593,,97.2716894977169
2002,Sheffield Centre,34.2861792398001,,98.2077625570776
2003,Sheffield Centre,39.210716435882,,94.8059360730594
2004,Sheffield Centre,30.6713196480938,,97.0514571948998
2005,Sheffield Centre,34.9071416219955,,66.0159817351598
2006,Sheffield Centre,36.3401434470767,,52.5228310502283
2007,Sheffield Centre,33.8770848440899,,94.4520547945205
2008,Sheffield Centre,30.0729373322441,,97.5523679417122
2009,Sheffield Centre,36.5244883040936,,93.6986301369863
2010,Sheffield Centre,38.9221381498658,,93.5388127853881
2011,Sheffield Centre,34.3939321261542,,95.1940639269406
2012,Sheffield Centre,36.9554956169926,,50.6489071038251
2013,Sheffield Centre,32.4750949389901,,60.810502283105
1997,London Southwark,53.648393194707,,66.4269406392694
1998,London Southwark,50.9636583888552,,94.2351598173516
1999,London Southwark,55.8125841596279,,93.2534246575343
2000,London Southwark,52.0540987479329,,96.379781420765
2001,London Southwark,54.415873015873,,97.0890410958904
2002,London Southwark,46.4889281347643,,84.0296803652968
2003,London Southwark,47.898751950078,,73.1735159817352
2004,London Southwark,50.9694972211451,,88.0806010928962
2005,London Southwark,49.2083044182281,,98.6986301369863
2006,London Southwark,42.4915815988334,,86.1073059360731
2007,London Southwark,38.7984555984556,,73.9155251141552
1994,Southampton Centre,43.8543377365227,,95.9246575342466
1995,Southampton Centre,44.9976463204142,,72.7511415525114
1996,Southampton Centre,45.8243562485235,,96.379781420765
1997,Southampton Centre,43.3887354389336,,95.0570776255708
1998,Southampton Centre,37.1294021294021,,97.5684931506849
1999,Southampton Centre,41.9230860253224,,96.472602739726
2000,Southampton Centre,37.9092320554162,,95.3210382513661
2001,Southampton Centre,37.5443245778612,,97.351598173516
2002,Southampton Centre,33.2688661357603,,90.3082191780822
2003,Southampton Centre,35.8042773038568,,95.0114155251142
2004,Southampton Centre,32.8226924916308,,95.2185792349727
2005,Southampton Centre,30.5735236349352,,87.1803652968037
2006,Southampton Centre,28.3277108433735,,90.0114155251142
2007,Southampton Centre,34.3433318629613,,77.6369863013699
2008,Southampton Centre,35.8442028985507,,94.2622950819672
2009,Southampton Centre,34.8345195729537,,96.2328767123288
2010,Southampton Centre,36.0163365620934,,78.9611872146119
2011,Southampton Centre,35.336429915334,,97.0776255707762
2012,Southampton Centre,32.4625144175317,,98.7021857923497
2013,Southampton Centre,31.2696996016772,,98.013698630137
2014,Southampton Centre,31.6383551328904,,96.2100456621005
2015,Southampton Centre,29.497238965602,,92.9223744292238
2016,Southampton Centre,34.3533278321108,,41.905737704918
2017,Southampton Centre,29.5894334500617,,92.5799086757991
2018,Southampton Centre,28.9177698865008,,94.5433789954338
2019,Southampton Centre,27.8351908445673,,99.0753424657534
2002,Stockport Shaw Heath,38.1343511450382,,22.4315068493151
2003,Stockport Shaw Heath,38.1385080176621,,98.2420091324201
2004,Stockport Shaw Heath,36.1483151697357,,90.8811475409836
2005,Stockport Shaw Heath,31.4182457020956,,90.9703196347032
2006,Stockport Shaw Heath,30.5017847336628,,83.1506849315068
2007,Stockport Shaw Heath,28.1243024822013,,59.3264840182648
1996,Stockport,48.2864583333333,,6.55737704918033
1997,Stockport,45.2507263922518,,94.2922374429224
1998,Stockport,40.2456058666046,,98.0707762557078
1999,Stockport,39.1604377692397,,98.0479452054795
2000,Stockport,38.3509363731534,,97.8711293260474
2001,Stockport,38.7685988661344,,98.6643835616438
2002,Stockport,33.3218102872411,,68.3561643835616
1997,Stoke-on-Trent Centre,38.1304974765681,,15.8333333333333
1998,Stoke-on-Trent Centre,31.777810915598,,76.5525114155251
1999,Stoke-on-Trent Centre,34.9884440775898,,82.9794520547945
2000,Stoke-on-Trent Centre,30.9020987220073,,97.0969945355191
2001,Stoke-on-Trent Centre,32.696365352844,,96.7351598173516
2002,Stoke-on-Trent Centre,29.5127806975633,,95.5707762557078
2003,Stoke-on-Trent Centre,30.7292244602581,,94.6461187214612
2004,Stoke-on-Trent Centre,30.42058356733,,93.2490892531876
2005,Stoke-on-Trent Centre,33.180776119403,,95.6050228310502
2006,Stoke-on-Trent Centre,32.4893643031785,,93.37899543379
2007,Stoke-on-Trent Centre,26.031105854524,,96.5182648401827
2008,Stoke-on-Trent Centre,26.4217606797262,,96.4708561020036
2009,Stoke-on-Trent Centre,29.6988964133434,,91.027397260274
2010,Stoke-on-Trent Centre,34.6972434017595,,97.3173515981735
2011,Stoke-on-Trent Centre,30.7086880466472,,97.8881278538813
2012,Stoke-on-Trent Centre,31.3175005764353,,98.747723132969
2013,Stoke-on-Trent Centre,29.0236591997519,,92.0091324200913
2014,Stoke-on-Trent Centre,28.0980592154775,,96.472602739726
2015,Stoke-on-Trent Centre,27.9050513344968,,98.1164383561644
2016,Stoke-on-Trent Centre,27.6666285673088,,98.6908014571949
2017,Stoke-on-Trent Centre,25.6464883218232,,99.1780821917808
2018,Stoke-on-Trent Centre,23.4450860137177,,98.1963470319635
2019,Stoke-on-Trent Centre,23.9752278171707,,98.527397260274
2004,Sunderland Silksworth,17.3641304347826,,6.28415300546448
2005,Sunderland Silksworth,16.2048252092565,,92.7397260273973
2006,Sunderland Silksworth,17.8973588684441,,91.1986301369863
2007,Sunderland Silksworth,14.5108298538622,,87.4885844748858
2008,Sunderland Silksworth,14.1768112516251,,96.3228597449909
2009,Sunderland Silksworth,15.296338860614,,69.5319634703196
2010,Sunderland Silksworth,16.3267244449721,,96.1529680365297
2011,Sunderland Silksworth,15.5927277006354,,97.0091324200913
2012,Sunderland Silksworth,18.3115107002659,,89.9020947176685
2013,Sunderland Silksworth,15.6946392486729,,83.8698630136986
2014,Sunderland Silksworth,16.2573518110952,,87.865296803653
2015,Sunderland Silksworth,14.4267263808415,,78.4132420091324
2016,Sunderland Silksworth,16.473372296875,,94.7176684881603
2017,Sunderland Silksworth,12.7113276469863,,92.6141552511416
2018,Sunderland Silksworth,14.0360854238921,,94.7945205479452
2019,Sunderland Silksworth,12.8462383442317,,97.7625570776256
1994,Swansea,44.629579375848,,8.41324200913242
1995,Swansea,41.2616744297146,,95.5821917808219
1996,Swansea,43.1703817880009,,96.0154826958106
1997,Swansea,38.1067556296914,,95.810502283105
1998,Swansea,36.1028247252098,,96.5867579908676
1999,Swansea,34.0697160148976,,98.0821917808219
2000,Swansea,33.808565111137,,97.825591985428
2001,Swansea,35.5089403576143,,95.1255707762557
2002,Swansea,31.2211740041929,,98.013698630137
2003,Swansea,33.9380779585626,,97.5228310502283
2004,Swansea,37.0017423771002,,91.4731329690346
2005,Swansea,34.1715698095008,,94.6803652968037
2006,Swansea,30.605616093881,,54.4748858447489
2018,Swindon Walcot,13.3046366373033,,97.1917808219178
2019,Swindon Walcot,13.529444879733,,99.189497716895
2017,Telford Hollinswood,19.4003163176388,,16.2442922374429
2018,Telford Hollinswood,15.5473017910807,,94.9657534246575
2019,Telford Hollinswood,14.8711176469909,,98.824200913242
1996,London Teddington,39.1551127587272,,36.8510928961749
1997,London Teddington,35.3295805207329,,94.703196347032
1998,London Teddington,31.817619047619,,95.8904109589041
1999,London Teddington,31.9050197996739,,98.013698630137
2000,London Teddington,27.702721716065,,98.7135701275046
2001,London Teddington,28.9020787746171,,93.9041095890411
2002,London Teddington,25.2992336274965,,98.310502283105
2003,London Teddington,28.0754270696452,,95.5593607305936
2004,London Teddington,24.5361077408396,,93.8296903460838
2005,London Teddington,25.5126840453777,,94.5890410958904
2006,London Teddington,23.2099085542308,,98.6187214611872
2007,London Teddington,28.3897062364556,,94.8173515981735
2008,London Teddington,24.6733458470202,,97.040072859745
2009,London Teddington,22.0120083974808,,81.5639269406393
2010,London Teddington,23.9910879459698,,77.7511415525114
2011,London Teddington,21.3826303908756,,96.0844748858448
2012,London Teddington,35.5967592592593,,93.4426229508197
2013,London Teddington,20.975887393771,,98.5958904109589
2014,London Teddington,20.9508875953079,,85.6392694063927
2015,London Teddington,19.1394058126195,,95.5251141552511
2016,London Teddington,21.5823296492986,,56.8078324225865
1996,Thurrock,48.6909962706446,,21.3683970856102
1997,Thurrock,35.7396940627431,,88.0593607305936
1998,Thurrock,34.9229054674184,,87.0662100456621
1999,Thurrock,37.5872235872236,,97.5684931506849
2000,Thurrock,33.7229845626072,,92.9189435336976
2001,Thurrock,36.0645161290323,,95.9018264840183
2002,Thurrock,35.5863531693128,,94.189497716895
2003,Thurrock,38.3270639960918,,93.4703196347032
2004,Thurrock,35.4849214394323,,89.8451730418944
2005,Thurrock,34.8473045822102,,84.703196347032
2006,Thurrock,32.9200640472965,,92.6826484018265
2007,Thurrock,34.0447234209494,,87.2945205479452
2008,Thurrock,31.995295224653,,96.7896174863388
2009,Thurrock,31.1689893430144,,97.4771689497717
2010,Thurrock,29.1993798867619,,84.6803652968037
2011,Thurrock,28.1695303550974,,89.6917808219178
2012,Thurrock,28.7176279823952,,98.292349726776
2013,Thurrock,27.1629851438001,,96.8493150684932
2014,Thurrock,26.5094584658298,,98.2191780821918
2015,Thurrock,25.5790811819249,,97.2602739726027
2016,Thurrock,27.9070907951141,,98.7932604735883
2017,Thurrock,28.1887067418488,,97.6826484018265
2018,Thurrock,24.7650822998116,,96.9406392694064
2019,Thurrock,23.3797700381194,,98.824200913242
2000,Wirral Tranmere,18.0788186606471,,60.5191256830601
2001,Wirral Tranmere,21.9743947858473,,98.0821917808219
2002,Wirral Tranmere,22.425696969697,,94.1780821917808
2003,Wirral Tranmere,27.2198615421342,,95.6392694063927
2004,Wirral Tranmere,18.7071220930233,,93.9890710382514
2005,Wirral Tranmere,17.2925740806855,,63.9497716894977
2006,Wirral Tranmere,19.1935286935287,,93.4931506849315
2007,Wirral Tranmere,19.3283863368669,,96.9178082191781
2008,Wirral Tranmere,18.9219800602829,,98.2012750455373
2009,Wirral Tranmere,18.9517708207422,,94.4406392694064
2010,Wirral Tranmere,27.3121818798778,,33.6415525114155
2011,Wirral Tranmere,NA,,0
2012,Wirral Tranmere,21,,0.011384335154827
2013,Wirral Tranmere,NA,,0
2014,Wirral Tranmere,20.4543709498245,,55.2853881278539
2015,Wirral Tranmere,19.622014116226,,85.0570776255708
2016,Wirral Tranmere,22.2752379638328,,96.9489981785064
2017,Wirral Tranmere,17.3884606545077,,98.8926940639269
2018,Wirral Tranmere,17.5056284898053,,99.0981735159817
2019,Wirral Tranmere,16.3998578346955,,99.1666666666667
1996,London Wandsworth,51.0574652777778,,65.5737704918033
1997,London Wandsworth,52.7038339781921,,97.3630136986301
1998,London Wandsworth,49.7275866037519,,99.189497716895
1999,London Wandsworth,51.4639602319801,,96.4497716894977
2000,London Wandsworth,48.9919307683312,,97.3474499089253
2001,London Wandsworth,52.5134575569358,,99.2465753424657
2002,London Wandsworth,51.6881682938168,,98.2191780821918
2003,London Wandsworth,62.4085281980743,,91.2899543378995
2004,London Wandsworth,53.8962036930841,,99.2600182149363
2005,London Wandsworth,53.717803030303,,96.4383561643836
2006,London Wandsworth,50.8824010276772,,97.7511415525114
2007,London Wandsworth,50.4332177645699,,69.1438356164384
1990,Walsall Alumwell,47.1086487781505,,95.296803652968
1991,Walsall Alumwell,50.2489616982003,,98.9497716894977
1992,Walsall Alumwell,50.5311072056239,,97.1653005464481
1993,Walsall Alumwell,46.6720114873759,,95.3995433789954
1994,Walsall Alumwell,47.8943024188926,,99.5776255707762
1995,Walsall Alumwell,45.5581703191646,,77.6141552511416
1996,Walsall Alumwell,45.4081891580161,,98.7021857923497
1997,Walsall Alumwell,46.876431016169,,96.7237442922374
1998,Walsall Alumwell,45.547056232565,,77.7511415525114
1999,Walsall Alumwell,39.4783314599725,,91.4041095890411
2000,Walsall Alumwell,36.796059832178,,93.6133879781421
2001,Walsall Alumwell,41.9141976771747,,96.324200913242
2002,Walsall Alumwell,37.022711308827,,97.5114155251142
2003,Walsall Alumwell,42.2040253983467,,95.2853881278539
2004,Walsall Alumwell,42.1046639735586,,92.9986338797814
2005,Walsall Alumwell,41.7684501845018,,98.9954337899543
2006,Walsall Alumwell,38.2689261588633,,98.013698630137
2007,Walsall Alumwell,36.3711550533584,,72.7397260273973
1997,Walsall Willenhall,30.8664259927798,,37.9452054794521
1998,Walsall Willenhall,29.9910813823857,,92.1575342465753
1999,Walsall Willenhall,29.1688894757692,,86.4497716894977
2000,Walsall Willenhall,25.288537014481,,84.1188524590164
2001,Walsall Willenhall,26.9517923362176,,92.351598173516
2002,Walsall Willenhall,27.3192419825073,,93.972602739726
2003,Walsall Willenhall,30.4130485801455,,97.2831050228311
2004,Walsall Willenhall,26.527935723115,,92.0992714025501
2005,Walsall Willenhall,27.7568852459016,,69.634703196347
2006,Walsall Willenhall,30.9581894898351,,89.2808219178082
2007,Walsall Willenhall,25.8629129491198,,94.6803652968037
2008,Walsall Willenhall,23.9340290719344,,91.6325136612022
2009,Walsall Willenhall,23.700899820036,,95.148401826484
2010,Walsall Willenhall,36.2064102564103,,8.9041095890411
2012,Walsall Woodlands,20.7374559859155,,51.7304189435337
2013,Walsall Woodlands,19.9424189169269,,91.3812785388128
2014,Walsall Woodlands,25.2597728916076,,99.8401826484018
2015,Walsall Woodlands,19.1400273006645,,96.2100456621005
2016,Walsall Woodlands,18.4029435431531,,98.9298724954463
2017,Walsall Woodlands,15.8784200355138,,99.6461187214612
2018,Walsall Woodlands,15.9088542028156,,99.7374429223744
2019,Walsall Woodlands,16.1345355189059,,99.3264840182648
2019,West Bromwich Kenrick Park,20.9357125527039,,74.7260273972603
1998,Sandwell West Bromwich,44.0924187725632,,15.810502283105
1999,Sandwell West Bromwich,34.5119583234667,,96.4155251141552
2000,Sandwell West Bromwich,32.4732795078816,,88.8319672131148
2001,Sandwell West Bromwich,34.9966434907696,,95.2283105022831
2002,Sandwell West Bromwich,28.8475233135521,,94.2579908675799
2003,Sandwell West Bromwich,38.6882909284668,,85.6963470319635
2004,Sandwell West Bromwich,27.1481094873579,,98.155737704918
2005,Sandwell West Bromwich,26.7507714217897,,96.1872146118722
2006,Sandwell West Bromwich,24.5260562222588,,69.4406392694064
2007,Sandwell West Bromwich,29.2067491043569,,98.7785388127854
2008,Sandwell West Bromwich,27.199348376976,,94.341985428051
2009,Sandwell West Bromwich,27.0355452971725,,98.9155251141552
2010,Sandwell West Bromwich,31.0855270720773,,99.3036529680365
2011,Sandwell West Bromwich,27.6791907514451,,98.7442922374429
2001,Wigan Leigh,36.6172912016915,,97.1803652968037
2002,Wigan Leigh,29.9453908984831,,97.8310502283105
2003,Wigan Leigh,31.1279673590504,,92.3287671232877
2004,Wigan Leigh,24.7600382409178,,71.448087431694
2004,Wigan Centre,34.3725590955807,,22.1539162112933
2005,Wigan Centre,25.4770813844715,,97.6255707762557
2006,Wigan Centre,26.3129028477675,,97.4086757990868
2007,Wigan Centre,21.7288055093802,,96.1415525114155
2008,Wigan Centre,24.1999769876884,,98.9412568306011
2009,Wigan Centre,24.2368177613321,,98.7214611872146
2010,Wigan Centre,26.1708998965636,,99.3264840182648
2011,Wigan Centre,23.0324538874621,,97.7853881278539
2012,Wigan Centre,23.93086871924,,99.4649362477231
2013,Wigan Centre,24.5683149498601,,97.8995433789954
2014,Wigan Centre,21.779682573324,,98.0821917808219
2015,Wigan Centre,19.3940340566149,,96.3812785388128
2016,Wigan Centre,20.8900585425101,,89.9817850637523
2017,Wigan Centre,18.4295775060421,,99.189497716895
2018,Wigan Centre,17.3497136078981,,97.7054794520548
2019,Wigan Centre,19.3258587701732,,96.9063926940639
1990,West London,66.3493183448936,,95.4566210045662
1991,West London,66.5848177901968,,98.0479452054795
1992,West London,61.5546218487395,,98.8957194899818
1993,West London,59.7438625204583,,97.648401826484
1994,West London,59.1830969676006,,99.0068493150685
1995,West London,53.9237605238541,,97.6255707762557
1996,West London,53.2487804878049,,91.0177595628415
1997,West London,56.7558840922531,,96.5182648401827
1998,West London,51.2481106848041,,98.1849315068493
1999,West London,54.6618721726018,,98.4132420091324
2000,West London,52.6026551764295,,97.7572859744991
2001,West London,51.899018904044,,95.4109589041096
2002,West London,45.4825876519891,,96.7009132420091
2003,West London,55.2878447153509,,96.4497716894977
2004,West London,50.5218393453959,,98.7818761384335
2005,West London,50.0392369914282,,94.5547945205479
2006,West London,50.7536249395843,,94.4748858447489
2007,West London,45.90515625,,73.0593607305936
1995,Wolverhampton Centre,53.4096774193548,,3.53881278538813
1996,Wolverhampton Centre,40.0950143565649,,87.2267759562842
1997,Wolverhampton Centre,38.1413502109705,,97.3972602739726
1998,Wolverhampton Centre,31.1452852153667,,98.0593607305936
1999,Wolverhampton Centre,29.927990430622,,95.4337899543379
2000,Wolverhampton Centre,29.5193448848801,,95.924408014572
2001,Wolverhampton Centre,31.9126944305068,,91.0045662100457
2002,Wolverhampton Centre,27.9221881631691,,96.8264840182648
2003,Wolverhampton Centre,33.9611581079471,,95.810502283105
2004,Wolverhampton Centre,28.7726178677616,,80.4075591985428
2005,Wolverhampton Centre,27.7888307155323,,91.5753424657534
2006,Wolverhampton Centre,26.7056694813028,,94.634703196347
2007,Wolverhampton Centre,24.44107955437,,72.7511415525114
2016,York Bootham,19.9519665794335,,36.976320582878
2017,York Bootham,14.888590889762,,98.7899543378995
2018,York Bootham,15.1868573954461,,98.2648401826484
2019,York Bootham,14.8493623544362,,98.8127853881278
