Year,Site,Annual average maximum daily 8-hour mean O3 concentration (ug/m3),95% confidence interval for 'All sites' (+/-),Annual data capture (%)
1992,All sites,39.9207315318611,12.5257199013407,
1993,All sites,40.177077315925,4.82971479100398,
1994,All sites,47.4296398815294,3.260083885925,
1995,All sites,50.5996907238264,4.45954497658601,
1996,All sites,45.9224596368,2.79307347487959,
1997,All sites,45.2562924142608,2.47575140108062,
1998,All sites,48.4568245652757,2.3213491194353,
1999,All sites,55.613053534499,2.43757715080363,
2000,All sites,52.1860893638384,2.42043561894533,
2001,All sites,51.3387979801257,2.09508022970148,
2002,All sites,52.4820823153954,2.30831567750938,
2003,All sites,58.9251752189423,2.34467028912256,
2004,All sites,56.3720029476793,2.41661214365138,
2005,All sites,56.024957284007,2.29152133520323,
2006,All sites,60.5420199749472,2.47069782776529,
2007,All sites,56.2342740506132,2.25362845562359,
2008,All sites,58.8112301791927,2.70927892589531,
2009,All sites,54.6104146251277,2.87860877858611,
2010,All sites,51.8041903445102,2.49608981802513,
2011,All sites,56.9576107038639,2.54921543480431,
2012,All sites,55.0056338833392,1.93735811147587,
2013,All sites,59.1912807094924,2.32326109714497,
2014,All sites,59.9386808842942,2.34732253302261,
2015,All sites,60.8404252646645,2.02504914848065,
2016,All sites,55.909539511492,2.07853173374025,
2017,All sites,58.0563913347412,2.2565913840584,
2018,All sites,62.7738833489885,2.00162090232275,
2019,All sites,61.0640910203158,2.20358997813932,
2003,Aberdeen,56.7570921985816,,38.6301369863014
2004,Aberdeen,69.451166180758,,93.7158469945355
2005,Aberdeen,63.3847990449662,,98.3561643835616
2006,Aberdeen,62.6913407821229,,98.0821917808219
2007,Aberdeen,60.2728091236495,,97.8082191780822
2008,Aberdeen,63.8612979817966,,98.6338797814208
2009,Aberdeen,55.9271911663216,,94.5205479452055
2010,Aberdeen,56.8336985100789,,89.3150684931507
2011,Aberdeen,55.8184955141477,,94.5205479452055
2012,Aberdeen,57.3020136429227,,99.1803278688525
2013,Aberdeen,59.9504528945313,,87.6712328767123
2014,Aberdeen,59.5120145963652,,92.6027397260274
2015,Aberdeen,62.6396575937264,,86.3013698630137
2016,Aberdeen,60.1881039582513,,99.1803278688525
2017,Aberdeen,59.8561693029138,,96.7123287671233
2018,Aberdeen,61.5174782963989,,98.9041095890411
2019,Aberdeen,57.8281646392857,,95.8904109589041
2011,Birmingham Acocks Green,63.5126713564214,,72.3287671232877
2012,Birmingham Acocks Green,52.2787250384025,,84.6994535519126
2013,Birmingham Acocks Green,61.1865204247461,,98.9041095890411
2014,Birmingham Acocks Green,60.9948470787037,,98.6301369863014
2015,Birmingham Acocks Green,61.5041008944611,,91.5068493150685
2016,Birmingham Acocks Green,57.2199264946112,,92.3497267759563
2017,Birmingham Acocks Green,58.7547604490741,,98.6301369863014
2018,Birmingham Acocks Green,66.4076973806226,,98.9041095890411
2019,Birmingham Acocks Green,65.5044037099812,,96.986301369863
1997,Barnsley Gawber,23.6944444444444,,2.46575342465753
1998,Barnsley Gawber,59.5577627500704,,92.6027397260274
1999,Barnsley Gawber,72.2573645073645,,91.2328767123288
2000,Barnsley Gawber,63.466831819433,,94.5355191256831
2001,Barnsley Gawber,61.9111406740347,,95.6164383561644
2002,Barnsley Gawber,56.0079118603963,,88.2191780821918
2003,Barnsley Gawber,65.3828447563997,,94.7945205479452
2004,Barnsley Gawber,65.5083402547065,,93.9890710382514
2005,Barnsley Gawber,58.5494291283765,,93.6986301369863
2006,Barnsley Gawber,63.6895877754087,,91.7808219178082
2007,Barnsley Gawber,56.5399223133362,,90.6849315068493
2008,Barnsley Gawber,60.2308993235177,,98.0874316939891
2009,Barnsley Gawber,57.0506636562671,,95.3424657534246
2010,Barnsley Gawber,47.1315978198508,,90.958904109589
2011,Barnsley Gawber,51.140022675737,,97.8082191780822
2012,Barnsley Gawber,53.133021299688,,95.9016393442623
2013,Barnsley Gawber,58.0862402545838,,98.9041095890411
2014,Barnsley Gawber,54.4634282492415,,98.9041095890411
2015,Barnsley Gawber,51.3493510182406,,97.8082191780822
2016,Barnsley Gawber,51.6164414372862,,98.9071038251366
2017,Barnsley Gawber,55.6445042311508,,98.6301369863014
2018,Barnsley Gawber,60.0865481097481,,98.9041095890411
2019,Barnsley Gawber,62.2416708243799,,98.3561643835616
1992,Belfast Centre,49.3801020408163,,80.327868852459
1993,Belfast Centre,46.6875504439064,,96.986301369863
1994,Belfast Centre,51.1800165152766,,94.7945205479452
1995,Belfast Centre,55.0949652067131,,95.6164383561644
1996,Belfast Centre,49.3937099194979,,95.3551912568306
1997,Belfast Centre,49.1683673469388,,93.972602739726
1998,Belfast Centre,58.4043392504931,,92.6027397260274
1999,Belfast Centre,62.3335734870317,,95.0684931506849
2000,Belfast Centre,59.55296404276,,80.327868852459
2001,Belfast Centre,54.6016819571865,,89.5890410958904
2002,Belfast Centre,52.2659303605835,,94.7945205479452
2003,Belfast Centre,59.7568760262726,,95.3424657534246
2004,Belfast Centre,59.0990136054422,,95.6284153005464
2005,Belfast Centre,54.6240656146179,,94.2465753424658
2006,Belfast Centre,57.5279456193353,,90.6849315068493
2007,Belfast Centre,58.8313143971039,,93.6986301369863
2008,Belfast Centre,54.3986162646877,,84.1530054644809
2009,Belfast Centre,52.0776275007044,,92.6027397260274
2010,Belfast Centre,52.0953375779281,,98.3561643835616
2011,Belfast Centre,57.3089600742804,,98.3561643835616
2012,Belfast Centre,55.5486499068901,,97.8142076502732
2013,Belfast Centre,56.3421837256022,,94.2465753424658
2014,Belfast Centre,50.95376575,,95.8904109589041
2015,Belfast Centre,57.4548080426855,,91.2328767123288
2016,Belfast Centre,55.5931770515873,,98.3606557377049
2017,Belfast Centre,59.6942034320437,,98.6301369863014
2018,Belfast Centre,55.8195234078212,,98.0821917808219
2019,Belfast Centre,56.818138072667,,81.6438356164384
2004,Birmingham Tyburn,51.1327639751553,,37.7049180327869
2005,Birmingham Tyburn,57.5778261443081,,98.9041095890411
2006,Birmingham Tyburn,58.8983772279862,,98.0821917808219
2007,Birmingham Tyburn,50.7993434142459,,98.3561643835616
2008,Birmingham Tyburn,59.3631621187801,,97.2677595628415
2009,Birmingham Tyburn,54.7761835948252,,94.7945205479452
2010,Birmingham Tyburn,53.562758436708,,97.8082191780822
2011,Birmingham Tyburn,57.3829857011675,,99.4520547945205
2012,Birmingham Tyburn,53.5272530499803,,99.1803278688525
2013,Birmingham Tyburn,57.9439571736111,,98.6301369863014
2014,Birmingham Tyburn,56.3512088827061,,96.7123287671233
2015,Birmingham Tyburn,61.5388178109606,,95.3424657534246
2016,Birmingham Tyburn,56.5148485223214,,98.3606557377049
1993,Birmingham East,44.2177419354839,,8.49315068493151
1994,Birmingham East,53.1276624609958,,96.1643835616438
1995,Birmingham East,54.2209863945578,,95.8904109589041
1996,Birmingham East,52.3097612264279,,95.9016393442623
1997,Birmingham East,52.2421203438395,,95.6164383561644
1998,Birmingham East,48.3113011401744,,97.2602739726027
1999,Birmingham East,54.7686833940375,,96.7123287671233
2000,Birmingham East,51.2562709590879,,96.9945355191257
2001,Birmingham East,53.0431924882629,,97.2602739726027
2002,Birmingham East,56.029727695676,,95.3424657534246
2003,Birmingham East,62.7947796934866,,95.3424657534246
2004,Birmingham East,57.7304940755645,,58.1967213114754
1992,Birmingham Centre,44.4080038265306,,61.2021857923497
1993,Birmingham Centre,42.5935855928774,,96.7123287671233
1994,Birmingham Centre,48.6876811594203,,94.5205479452055
1995,Birmingham Centre,49.0776676109537,,96.7123287671233
1996,Birmingham Centre,46.8431914313003,,95.3551912568306
1997,Birmingham Centre,46.1740900383142,,95.3424657534246
1998,Birmingham Centre,48.8850006861534,,95.0684931506849
1999,Birmingham Centre,57.1544792991381,,92.3287671232877
2000,Birmingham Centre,52.2432306255836,,97.5409836065574
2001,Birmingham Centre,51.3567093504068,,97.8082191780822
2002,Birmingham Centre,52.2215886354542,,97.8082191780822
2003,Birmingham Centre,57.1661189015484,,89.3150684931507
2004,Birmingham Centre,56.0642181162686,,86.6120218579235
2005,Birmingham Centre,54.7906457081214,,84.6575342465753
2006,Birmingham Centre,58.7788819875776,,94.5205479452055
2007,Birmingham Centre,52.125460499386,,95.6164383561644
2008,Birmingham Centre,57.0819661197812,,97.5409836065574
2009,Birmingham Centre,24.9642857142857,,2.73972602739726
2000,Blackpool,56.7531918564527,,37.7049180327869
2001,Blackpool,62.3538340837768,,95.6164383561644
2002,Blackpool,67.5588587390263,,98.0821917808219
2003,Blackpool,72.5663812308549,,93.6986301369863
2004,Blackpool,71.9522206188873,,81.1475409836066
2005,Blackpool Marton,59.8922991071429,,52.6027397260274
2006,Blackpool Marton,73.3436147186147,,96.4383561643836
2007,Blackpool Marton,68.5985486891386,,97.5342465753425
2008,Blackpool Marton,70.376828943868,,97.8142076502732
2009,Blackpool Marton,63.9773002421308,,96.986301369863
2010,Blackpool Marton,45.8962873284907,,16.1643835616438
2011,Blackpool Marton,72.4640522875817,,83.8356164383562
2012,Blackpool Marton,66.3614628676956,,98.6338797814208
2013,Blackpool Marton,72.0609641607308,,98.9041095890411
2014,Blackpool Marton,67.6621831227491,,97.8082191780822
2015,Blackpool Marton,68.2017653230115,,98.9041095890411
2016,Blackpool Marton,64.4136103086664,,98.6338797814208
2017,Blackpool Marton,68.2859673039216,,97.8082191780822
2018,Blackpool Marton,72.5969836656315,,94.5205479452055
2019,Blackpool Marton,69.4581822836439,,94.5205479452055
1997,Bolton,49.1923349265357,,73.6986301369863
1998,Bolton,54.2313619325281,,93.972602739726
1999,Bolton,58.3891257995736,,91.7808219178082
2000,Bolton,57.2839655636266,,96.7213114754098
2001,Bolton,55.2326217843459,,95.3424657534246
2002,Bolton,58.1116700201207,,97.2602739726027
2003,Bolton,64.0676957223567,,96.986301369863
2004,Bolton,61.613805465368,,96.1748633879781
2005,Bolton,57.0130208333333,,96.4383561643836
2006,Bolton,63.4598802797955,,96.986301369863
2007,Bolton,56.7329812206573,,77.8082191780822
2008,Bolton,74.396164021164,,34.4262295081967
2003,Bournemouth,80.3411384421318,,82.7397260273973
2004,Bournemouth,71.0934854497355,,98.3606557377049
2005,Bournemouth,68.7317283459345,,98.3561643835616
2006,Bournemouth,68.5484480700358,,98.3561643835616
2007,Bournemouth,67.6382681564246,,98.0821917808219
2008,Bournemouth,71.3627976190476,,98.3606557377049
2009,Bournemouth,66.2439984258166,,99.4520547945205
2010,Bournemouth,66.5272772772773,,91.2328767123288
2011,Bournemouth,69.790877400684,,99.1780821917808
2012,Bournemouth,68.0169925512104,,97.8142076502732
2013,Bournemouth,67.9160483847171,,96.1643835616438
2014,Bournemouth,72.6888269579288,,84.6575342465753
2015,Bournemouth,71.1909469823584,,98.3561643835616
2016,Bournemouth,63.5521618519984,,98.6338797814208
2017,Bournemouth,67.6193849771442,,99.1780821917808
2018,Bournemouth,72.9692723553941,,96.986301369863
2019,Bournemouth,74.1842269459834,,98.9041095890411
1997,Bradford Centre,27.1248196248196,,9.04109589041096
1998,Bradford Centre,38.4806009753299,,90.958904109589
1999,Bradford Centre,47.5833333333333,,96.986301369863
2000,Bradford Centre,45.7432696482848,,89.8907103825137
2001,Bradford Centre,44.9684233449477,,89.8630136986301
2002,Bradford Centre,44.1314791403287,,92.8767123287671
2003,Bradford Centre,46.9344023323615,,93.972602739726
2004,Bradford Centre,49.5719743484786,,95.3551912568306
2005,Bradford Centre,49.0838952100014,,92.8767123287671
2006,Bradford Centre,52.0223964956903,,92.3287671232877
2007,Bradford Centre,56.8144919385077,,69.5890410958904
1996,London Brent,57.6816770186335,,69.1256830601093
1997,London Brent,49.8850467932838,,94.7945205479452
1998,London Brent,53.6343586567575,,94.7945205479452
1999,London Brent,61.5708648361852,,98.3561643835616
2000,London Brent,57.7484745987531,,98.0874316939891
2001,London Brent,55.9729407083168,,98.3561643835616
2002,London Brent,54.1874669312169,,98.6301369863014
2003,London Brent,66.354776693286,,88.2191780821918
2004,London Brent,53.617538081515,,94.8087431693989
2005,London Brent,61.3015873015873,,96.1643835616438
2006,London Brent,65.7336970899471,,98.6301369863014
2007,London Brent,63.6619136460554,,73.4246575342466
1990,London Bridge Place,34.742328042328,,49.3150684931507
1991,London Bridge Place,32.7833170810987,,80.2739726027397
1992,London Bridge Place,35.1498710949348,,85.792349726776
1993,London Bridge Place,35.8597205263872,,96.1643835616438
1994,London Bridge Place,41.7526375819789,,91.5068493150685
1995,London Bridge Place,32.5629737609329,,67.1232876712329
1996,London Bridge Place,35.0974091764365,,89.8907103825137
1997,London Bridge Place,37.6149267399267,,92.6027397260274
1998,London Bridge Place,41.2407177363699,,94.5205479452055
1999,London Bridge Place,52.9192447679709,,86.027397260274
1993,Bristol Centre,45.6168831168831,,96.4383561643836
1994,Bristol Centre,52.6774083196497,,95.3424657534246
1995,Bristol Centre,56.3077398106217,,95.0684931506849
1996,Bristol Centre,50.5755269320843,,83.3333333333333
1997,Bristol Centre,47.5704275704276,,91.2328767123288
1998,Bristol Centre,54.5418994413408,,98.0821917808219
1999,Bristol Centre,60.6581680830973,,96.7123287671233
2000,Bristol Centre,54.8319248826291,,96.9945355191257
2001,Bristol Centre,52.5450948287625,,95.6164383561644
2002,Bristol Centre,53.1958935259497,,97.5342465753425
2003,Bristol Centre,57.1768461007591,,94.5205479452055
2004,Bristol Centre,55.8299475753604,,89.344262295082
2005,Bristol Centre,61.4591560201316,,67.3972602739726
2006,Bristol St Paul's,62.2738095238095,,53.6986301369863
2007,Bristol St Paul's,58.8684140322796,,97.8082191780822
2008,Bristol St Paul's,60.4724274767378,,95.0819672131148
2009,Bristol St Paul's,60.6625,,98.6301369863014
2010,Bristol St Paul's,56.1864406779661,,96.986301369863
2011,Bristol St Paul's,60.0414258188825,,94.7945205479452
2012,Bristol St Paul's,55.7010021522733,,96.7213114754098
2013,Bristol St Paul's,59.8177652650463,,98.6301369863014
2014,Bristol St Paul's,60.5412002203542,,98.3561643835616
2015,Bristol St Paul's,60.4171717432931,,97.2602739726027
2016,Bristol St Paul's,54.0098064867463,,96.448087431694
2017,Bristol St Paul's,59.3877648016997,,96.7123287671233
2018,Bristol St Paul's,68.3916527256368,,82.4657534246575
2019,Bristol St Paul's,60.9711231817023,,89.5890410958904
2004,Brighton Preston Park,41.4903846153846,,14.207650273224
2005,Brighton Preston Park,70.2573285581642,,98.3561643835616
2006,Brighton Preston Park,72.8306992337165,,95.3424657534246
2007,Brighton Preston Park,67.5127187627188,,96.1643835616438
2008,Brighton Preston Park,68.0910278745645,,89.6174863387978
2009,Brighton Preston Park,70.2060824329732,,97.8082191780822
2010,Brighton Preston Park,62.4440889072392,,94.7945205479452
2011,Brighton Preston Park,69.5790662650602,,90.958904109589
2012,Brighton Preston Park,67.4342261904762,,98.3606557377049
2013,Brighton Preston Park,71.185033144897,,97.5342465753425
2014,Brighton Preston Park,73.2408258391204,,98.6301369863014
2015,Brighton Preston Park,73.3580237763817,,98.9041095890411
2016,Brighton Preston Park,60.6566728250916,,95.9016393442623
2017,Brighton Preston Park,62.0427675156642,,93.6986301369863
2018,Brighton Preston Park,65.3691783573429,,97.8082191780822
2019,Brighton Preston Park,64.0778183616937,,98.9041095890411
2011,Canterbury,65.495640509725,,77.8082191780822
2012,Canterbury,59.739549512987,,96.1748633879781
2013,Canterbury,69.676314160109,,96.986301369863
2014,Canterbury,75.219626683526,,94.7945205479452
2015,Canterbury,68.9835176137734,,86.5753424657534
2016,Canterbury,65.599159310585,,98.0874316939891
2017,Canterbury,67.7616604034758,,98.9041095890411
2018,Canterbury,71.7018938802521,,93.1506849315068
2019,Canterbury,72.4279897909247,,98.9041095890411
1992,Cardiff Centre,44.3287878787879,,60.1092896174863
1993,Cardiff Centre,44.9038647342995,,94.5205479452055
1994,Cardiff Centre,49.6725164203612,,95.3424657534246
1995,Cardiff Centre,55.0872219948151,,95.6164383561644
1996,Cardiff Centre,48.8549689440994,,94.2622950819672
1997,Cardiff Centre,48.0831627780052,,95.6164383561644
1998,Cardiff Centre,50.0893525949706,,97.5342465753425
1999,Cardiff Centre,57.9404761904762,,96.1643835616438
2000,Cardiff Centre,55.6230045026607,,95.3551912568306
2001,Cardiff Centre,51.0084463953179,,98.0821917808219
2002,Cardiff Centre,57.6643657462985,,97.8082191780822
2003,Cardiff Centre,58.4451625094482,,86.3013698630137
2004,Cardiff Centre,57.3539968539969,,90.983606557377
2005,Cardiff Centre,52.5760204081633,,57.5342465753425
2006,Cardiff Centre,60.0593907954243,,98.0821917808219
2007,Cardiff Centre,54.9381816972599,,98.0821917808219
2008,Cardiff Centre,58.7789021164021,,98.3606557377049
2009,Cardiff Centre,56.3125831338122,,98.0821917808219
2010,Cardiff Centre,50.8359564164649,,96.986301369863
2011,Cardiff Centre,54.3393854748603,,98.0821917808219
2012,Cardiff Centre,54.8271471730686,,90.4371584699454
2013,Cardiff Centre,57.9436574482402,,94.5205479452055
2014,Cardiff Centre,59.5511922846045,,96.986301369863
2015,Cardiff Centre,61.4822394139051,,87.3972602739726
2016,Cardiff Centre,58.020543676264,,97.2677595628415
2017,Cardiff Centre,57.838012653278,,96.7123287671233
2018,Cardiff Centre,62.8378908941873,,98.0821917808219
2019,Cardiff Centre,61.0632469333791,,71.2328767123288
1987,Central London,20.1823156682028,,67.9452054794521
1988,Central London,25.1292324295157,,96.448087431694
1989,Central London,35.2532342416735,,94.7945205479452
1990,Central London,39.799748798602,,59.7260273972603
1992,London Bloomsbury,31.9790775591674,,91.2568306010929
1993,London Bloomsbury,29.96336996337,,96.1643835616438
1994,London Bloomsbury,34.5757823129252,,95.8904109589041
1995,London Bloomsbury,34.8273096663815,,91.5068493150685
1996,London Bloomsbury,31.5272060801722,,96.7213114754098
1997,London Bloomsbury,31.4411966515713,,95.0684931506849
1998,London Bloomsbury,32.1774735830932,,95.0684931506849
1999,London Bloomsbury,38.8867029862793,,96.986301369863
2000,London Bloomsbury,35.0790381493507,,96.1748633879781
2001,London Bloomsbury,36.1185388685389,,96.1643835616438
2002,London Bloomsbury,35.6765010351967,,88.2191780821918
2003,London Bloomsbury,46.495197740113,,80.8219178082192
2004,London Bloomsbury,37.8797313797314,,95.9016393442623
2005,London Bloomsbury,36.1308791208791,,89.041095890411
2006,London Bloomsbury,43.6512725779967,,95.3424657534246
2007,London Bloomsbury,36.7433862433862,,83.8356164383562
2008,London Bloomsbury,41.6098363926576,,97.8142076502732
2009,London Bloomsbury,38.9545634920635,,98.6301369863014
2010,London Bloomsbury,34.7160714285714,,93.1506849315068
2011,London Bloomsbury,41.7056638811513,,98.3561643835616
2012,London Bloomsbury,39.8104497354497,,98.3606557377049
2013,London Bloomsbury,38.107413401886,,97.5342465753425
2014,London Bloomsbury,42.1324197926587,,98.6301369863014
2015,London Bloomsbury,44.2388102097506,,97.8082191780822
2016,London Bloomsbury,37.9138784371693,,98.3606557377049
2017,London Bloomsbury,42.6751042345506,,97.5342465753425
2018,London Bloomsbury,50.689303888443,,97.5342465753425
2019,London Bloomsbury,50.3282405389181,,96.7123287671233
2014,Coventry Allesley,58.6342749871134,,53.1506849315069
2015,Coventry Allesley,63.4589144348601,,96.986301369863
2016,Coventry Allesley,58.8818160117403,,98.9071038251366
2017,Coventry Allesley,58.8298937430556,,98.6301369863014
2018,Coventry Allesley,63.9253065969199,,98.9041095890411
2019,Coventry Allesley,60.8196196795775,,97.2602739726027
1997,Coventry Centre,46.133816262354,,58.0821917808219
1998,Coventry Centre,41.2010538641686,,83.5616438356164
1999,Coventry Centre,40.1636773652192,,62.1917808219178
2000,Coventry Centre,55.4135971461755,,78.4153005464481
2003,Cwmbran,75.684375,,65.7534246575342
2004,Cwmbran,67.4343922651934,,98.9071038251366
2005,Cwmbran,68.8684210526316,,98.9041095890411
2006,Cwmbran,71.2191137566138,,98.6301369863014
2007,Cwmbran,65.4625475534566,,99.4520547945205
2008,Cwmbran,70.5718482905983,,85.2459016393443
2009,Cwmbran,66.8164405426975,,98.0821917808219
2010,Cwmbran,63.2142197599261,,98.9041095890411
2011,Cwmbran,62.637003968254,,98.6301369863014
2012,Cwmbran,47.3440136054422,,95.6284153005464
2013,Cwmbran,67.8245420457569,,98.0821917808219
2014,Cwmbran,66.9507427194532,,99.7260273972603
2015,Cwmbran,67.6006334704185,,99.4520547945205
2016,Cwmbran,62.0835415739469,,99.4535519125683
2017,Cwmbran,67.2286319430627,,98.3561643835616
2018,Cwmbran,70.4926656798246,,98.9041095890411
2019,Cwmbran,68.8394281416437,,99.4520547945205
2016,Derry Rosemount,58.9334668246003,,74.8633879781421
2017,Derry Rosemount,65.1739645663501,,98.9041095890411
2018,Derry Rosemount,66.3349948244724,,96.4383561643836
2019,Derry Rosemount,62.6030273116485,,96.7123287671233
1997,Derry,56.884236453202,,55.6164383561644
1998,Derry,64.1298026998962,,87.9452054794521
1999,Derry,64.3132306814942,,91.5068493150685
2000,Derry,66.4714767409854,,94.5355191256831
2001,Derry,56.0944700460829,,93.4246575342466
2002,Derry,71.3847418847419,,91.2328767123288
2003,Derry,66.0338881865431,,92.8767123287671
2004,Derry,69.8427210884354,,95.6284153005464
2005,Derry,63.7487528344671,,86.3013698630137
2006,Derry,61.6568003913894,,80
2007,Derry,59.4281241398293,,94.7945205479452
2008,Derry,64.535008071025,,96.7213114754098
2009,Derry,60.3540100250627,,98.9041095890411
2010,Derry,58.1631832797428,,85.2054794520548
2011,Derry,63.4397384305835,,97.2602739726027
2012,Derry,59.0247632202052,,98.9071038251366
2013,Derry,58.5050042549603,,98.6301369863014
2014,Derry,56.5474205534238,,99.4520547945205
2015,Derry,60.455989045961,,98.3561643835616
2016,Derry,58.87678925,,16.3934426229508
1997,Salford Eccles,47.5250525913177,,68.2191780821918
1998,Salford Eccles,49.6093042404282,,95.0684931506849
1999,Salford Eccles,52.7455450733753,,87.1232876712329
2000,Salford Eccles,48.812099921936,,83.3333333333333
2001,Salford Eccles,47.0124521072797,,95.3424657534246
2002,Salford Eccles,49.1863166953528,,90.958904109589
2003,Salford Eccles,55.4884651600753,,96.986301369863
2004,Salford Eccles,49.809940855323,,85.792349726776
2005,Salford Eccles,51.8938521677328,,91.7808219178082
2006,Salford Eccles,55.5321882418657,,93.4246575342466
2007,Salford Eccles,49.5813611589214,,90.958904109589
2008,Salford Eccles,33.9891742195368,,90.4371584699454
2009,Salford Eccles,27.3581488933602,,97.2602739726027
2010,Salford Eccles,44.0193537414966,,95.8904109589041
2011,Salford Eccles,48.6791028911565,,92.0547945205479
2012,Salford Eccles,52.1323195945045,,97.5409836065574
2013,Salford Eccles,56.7893635993409,,96.986301369863
1992,Edinburgh Centre,29.7015692640693,,24.0437158469945
1993,Edinburgh Centre,38.1089026915114,,94.5205479452055
1994,Edinburgh Centre,44.1132505175983,,94.5205479452055
1995,Edinburgh Centre,45.1757224257224,,96.1643835616438
1996,Edinburgh Centre,45.5801987461651,,97.5409836065574
1997,Edinburgh Centre,41.8370123559628,,93.972602739726
1998,Edinburgh Centre,46.5139173147769,,95.6164383561644
1999,Edinburgh Centre,50.1446411417593,,95.0684931506849
2000,Edinburgh Centre,43.9394247727581,,95.9016393442623
2001,Edinburgh Centre,44.0646881287726,,97.2602739726027
2002,Edinburgh Centre,49.709709942609,,84.1095890410959
2003,Edinburgh Centre,56.3444297472075,,44.3835616438356
2003,Edinburgh St Leonards,51.0197368421053,,10.4109589041096
2004,Edinburgh St Leonards,66.5951674438321,,92.0765027322404
2005,Edinburgh St Leonards,65.5925886675145,,92.3287671232877
2006,Edinburgh St Leonards,66.7024807129556,,98.0821917808219
2007,Edinburgh St Leonards,61.0967219749089,,96.7123287671233
2008,Edinburgh St Leonards,62.0633552271483,,95.0819672131148
2009,Edinburgh St Leonards,66.126960988477,,93.972602739726
2010,Edinburgh St Leonards,43.2758739333884,,94.7945205479452
2011,Edinburgh St Leonards,51.4785117389574,,98.3561643835616
2012,Edinburgh St Leonards,60.6332320162107,,89.8907103825137
2013,Edinburgh St Leonards,61.1672392926083,,96.986301369863
2014,Edinburgh St Leonards,66.7402601328904,,70.6849315068493
2015,Edinburgh St Leonards,56.6389471830986,,97.2602739726027
2016,Edinburgh St Leonards,57.013738129932,,95.6284153005464
2017,Edinburgh St Leonards,57.1013145303672,,96.986301369863
2018,Edinburgh St Leonards,63.4012719494048,,97.5342465753425
2019,Edinburgh St Leonards,58.8151977502018,,96.986301369863
1996,Glasgow Centre,38.4362244897959,,42.0765027322404
1997,Glasgow Centre,40.3728922163766,,96.7123287671233
1998,Glasgow Centre,45.2967110573043,,96.986301369863
1999,Glasgow Centre,47.2038188871054,,97.5342465753425
2000,Glasgow Centre,48.2754146602461,,97.2677595628415
2001,Glasgow Centre,46.4029459241324,,96.986301369863
2002,Glasgow Centre,47.5745984784446,,92.6027397260274
2003,Glasgow Centre,49.9858587943848,,94.7945205479452
2004,Glasgow Centre,52.1292565459232,,95.9016393442623
2005,Glasgow Centre,46.7088590421924,,96.1643835616438
2006,Glasgow Centre,49.7578584804708,,97.5342465753425
2007,Glasgow Centre,50.1632364810331,,96.986301369863
2008,Glasgow Centre,46.4663091865641,,96.448087431694
2009,Glasgow Centre,44.9320157838416,,97.5342465753425
2010,Glasgow Centre,38.719387755102,,97.8082191780822
2011,Glasgow Centre,48.09476861167,,97.2602739726027
2012,Glasgow Centre,51.3557079081633,,61.2021857923497
2013,Glasgow Townhead,50.0804303483245,,22.1917808219178
2014,Glasgow Townhead,57.7457482323584,,98.3561643835616
2015,Glasgow Townhead,56.5141029586835,,97.8082191780822
2016,Glasgow Townhead,52.5144160122355,,98.3606557377049
2017,Glasgow Townhead,53.6864272264543,,98.9041095890411
2018,Glasgow Townhead,57.0570711899815,,98.9041095890411
2019,Glasgow Townhead,57.6211054166667,,98.3561643835616
1996,London Haringey,47.7122582657517,,62.568306010929
1997,London Haringey,45.1745596868885,,100
1998,London Haringey,47.1642526455026,,98.6301369863014
1999,London Haringey,56.6855020559756,,98.3561643835616
2000,London Haringey,51.0504880622609,,98.6338797814208
2001,London Haringey,51.7932260228035,,97.2602739726027
2002,London Haringey,49.4966559657571,,97.5342465753425
2003,London Haringey,59.1080559067285,,92.8767123287671
2004,London Haringey,51.5020477578787,,93.7158469945355
2005,London Haringey,59.2064037153323,,99.7260273972603
2006,London Haringey,64.9982533553962,,70.958904109589
2007,London Haringey,57.6128155960371,,81.6438356164384
2008,London Haringey,59.208433093908,,97.8142076502732
2009,London Haringey,55.0226882996966,,98.9041095890411
2010,London Haringey,47.457323362558,,75.8904109589041
2011,London Haringey,56.2533214943436,,99.1780821917808
2012,London Haringey,56.4405181086519,,77.5956284153005
2012,London Haringey Priory Park South,54.5128205128205,,10.655737704918
2013,London Haringey Priory Park South,60.133012948578,,98.6301369863014
2014,London Haringey Priory Park South,61.9486057649478,,97.5342465753425
2015,London Haringey Priory Park South,61.514036148498,,99.4520547945205
2016,London Haringey Priory Park South,55.3982376565807,,98.3606557377049
2017,London Haringey Priory Park South,58.1071432458464,,99.7260273972603
2018,London Haringey Priory Park South,62.2763642838164,,94.5205479452055
2019,London Haringey Priory Park South,62.7261464964009,,94.2465753424658
1996,London Hillingdon,30.6466666666667,,40.9836065573771
1997,London Hillingdon,33.6617428841225,,96.7123287671233
1998,London Hillingdon,38.3467600108225,,96.4383561643836
1999,London Hillingdon,43.2257209926224,,97.2602739726027
2000,London Hillingdon,35.7301253834867,,97.5409836065574
2001,London Hillingdon,42.0370046620047,,78.3561643835616
2002,London Hillingdon,41.9463613128867,,96.986301369863
2003,London Hillingdon,47.8935969868173,,96.986301369863
2004,London Hillingdon,43.6071428571429,,91.5300546448087
2005,London Hillingdon,42.560803127221,,91.7808219178082
2006,London Hillingdon,45.1662977867203,,97.2602739726027
2007,London Hillingdon,47.8216286514606,,97.8082191780822
2008,London Hillingdon,48.5417653249145,,98.9071038251366
2009,London Hillingdon,41.6331719128329,,96.986301369863
2010,London Hillingdon,40.2354345749761,,95.6164383561644
2011,London Hillingdon,40.2212632275132,,98.6301369863014
2012,London Hillingdon,41.815291750503,,96.9945355191257
2013,London Hillingdon,46.3562464955146,,96.7123287671233
2014,London Hillingdon,44.0419357156048,,98.9041095890411
2015,London Hillingdon,38.507014437251,,68.7671232876712
2016,London Hillingdon,39.5127821974344,,98.6338797814208
2017,London Hillingdon,40.713221687996,,98.6301369863014
2018,London Hillingdon,49.2218546044007,,97.5342465753425
2019,London Hillingdon,46.2717372869674,,98.9041095890411
1997,London Hackney,42.8617341134406,,80.2739726027397
1998,London Hackney,42.6388423404552,,93.4246575342466
1999,London Hackney,48.4824829931973,,95.8904109589041
2000,London Hackney,46.0869908204246,,90.7103825136612
2001,London Hackney,42.8907530454042,,58.9041095890411
2002,London Hackney,44.2982982982983,,91.2328767123288
2003,London Hackney,52.4642519897477,,96.7123287671233
2004,London Hackney,46.2870535714286,,87.431693989071
2005,London Hackney,56.5097744360902,,78.0821917808219
2006,London Hackney,37.9777777777778,,24.6575342465753
2007,London Hackney,55.3786764705882,,74.5205479452055
2001,London Westminster,39.3470866607513,,44.1095890410959
2002,London Westminster,45.9571361122353,,96.7123287671233
2003,London Westminster,49.8542621130085,,93.972602739726
2004,London Westminster,47.2737745098039,,92.896174863388
2005,London Westminster,50.0179772197063,,95.0684931506849
2006,London Westminster,56.1728055894723,,96.1643835616438
2007,London Westminster,49.3722818607212,,94.7945205479452
2008,London Westminster,49.6774678972713,,97.2677595628415
2009,London Westminster,48.762085685338,,90.1369863013699
2010,London Westminster,49.3269336636389,,94.7945205479452
2011,London Westminster,51.5328703703704,,98.6301369863014
2012,London Westminster,49.7269279393173,,92.6229508196721
2013,London Westminster,47.7669986141123,,97.8082191780822
2002,Hull Freetown,39.641975308642,,14.7945205479452
2003,Hull Freetown,60.284387755102,,95.8904109589041
2004,Hull Freetown,61.4856370276724,,92.6229508196721
2005,Hull Freetown,58.5351425881087,,96.986301369863
2006,Hull Freetown,61.5853625541126,,96.4383561643836
2007,Hull Freetown,58.009477254589,,98.0821917808219
2008,Hull Freetown,75.0254237288136,,96.7213114754098
2009,Hull Freetown,53.9330740892345,,95.6164383561644
2010,Hull Freetown,43.9872159090909,,96.4383561643836
2011,Hull Freetown,39.5578177130725,,86.027397260274
2012,Hull Freetown,53.741856452726,,94.2622950819672
2013,Hull Freetown,61.1853423001218,,96.4383561643836
2014,Hull Freetown,58.7150529751671,,95.6164383561644
2015,Hull Freetown,53.3341508037396,,96.986301369863
2016,Hull Freetown,55.414806137827,,96.9945355191257
2017,Hull Freetown,58.4686176458333,,98.6301369863014
2018,Hull Freetown,62.7196338449074,,98.6301369863014
2019,Hull Freetown,61.9263238358135,,98.6301369863014
1994,Hull Centre,46.5470473500135,,96.986301369863
1995,Hull Centre,46.0412925170068,,95.8904109589041
1996,Hull Centre,48.0054173354735,,97.2677595628415
1997,Hull Centre,45.1050709369293,,92.8767123287671
1998,Hull Centre,48.9045264998655,,96.986301369863
1999,Hull Centre,54.2400904495877,,98.0821917808219
2000,Hull Centre,52.1866197183099,,96.9945355191257
2001,Hull Centre,47.6709683873549,,97.8082191780822
2002,Hull Centre,15.3833333333333,,4.10958904109589
1996,London N. Kensington,50.0524852276677,,74.8633879781421
1997,London N. Kensington,42.028483992467,,96.986301369863
1998,London N. Kensington,48.2111423220974,,97.5342465753425
1999,London N. Kensington,57.0402035115722,,98.0821917808219
2000,London N. Kensington,52.4135174418605,,93.9890710382514
2001,London N. Kensington,53.105744303452,,95.6164383561644
2002,London N. Kensington,50.0597211260195,,99.1780821917808
2003,London N. Kensington,58.1736111111111,,98.6301369863014
2004,London N. Kensington,55.5747632386288,,97.5409836065574
2005,London N. Kensington,54.4501676727029,,97.2602739726027
2006,London N. Kensington,59.8870431893688,,94.2465753424658
2007,London N. Kensington,54.3548026048026,,96.1643835616438
2008,London N. Kensington,56.0945436507937,,98.3606557377049
2009,London N. Kensington,54.2078288942696,,96.986301369863
2010,London N. Kensington,51.1893008795875,,86.027397260274
2011,London N. Kensington,57.8262615493959,,91.7808219178082
2012,London N. Kensington,54.5273442710417,,97.5409836065574
2013,London N. Kensington,54.9160262828814,,96.7123287671233
2014,London N. Kensington,59.3902810594892,,94.2465753424658
2015,London N. Kensington,58.1190219874245,,97.2602739726027
2016,London N. Kensington,53.8798958282077,,98.3606557377049
2017,London N. Kensington,56.5734791064815,,98.6301369863014
2018,London N. Kensington,63.1759041012743,,97.2602739726027
2019,London N. Kensington,64.1822670910526,,95.0684931506849
1996,Leamington Spa,49.3544474393531,,43.4426229508197
1997,Leamington Spa,53.1437969924812,,93.6986301369863
1998,Leamington Spa,56.2191283292978,,96.986301369863
1999,Leamington Spa,61.687558685446,,97.2602739726027
2000,Leamington Spa,58.8827148177707,,97.8142076502732
2001,Leamington Spa,54.1680993314231,,95.6164383561644
2002,Leamington Spa,55.4164338919926,,98.0821917808219
2003,Leamington Spa,64.064417989418,,98.6301369863014
2004,Leamington Spa,57.3069372595835,,98.0874316939891
2005,Leamington Spa,57.7163304252999,,71.7808219178082
2006,Leamington Spa,65.3255635587568,,97.8082191780822
2007,Leamington Spa,54.2118979396916,,95.6164383561644
2008,Leamington Spa,56.2040476190476,,95.6284153005464
2009,Leamington Spa,45.4171972410134,,98.3561643835616
2010,Leamington Spa,50.1183221210922,,98.9041095890411
2011,Leamington Spa,63.6398975791434,,98.0821917808219
2012,Leamington Spa,58.0745489078822,,95.9016393442623
2013,Leamington Spa,67.571119806044,,89.041095890411
2014,Leamington Spa,62.897913244724,,96.4383561643836
2015,Leamington Spa,63.6746762398613,,99.7260273972603
2016,Leamington Spa,57.6404733323187,,96.1748633879781
2017,Leamington Spa,58.9356032136316,,99.7260273972603
2018,Leamington Spa,60.1341565479461,,99.7260273972603
2019,Leamington Spa,54.7558298441926,,96.7123287671233
2013,Leicester University,46.4465725329794,,20.2739726027397
2014,Leicester University,60.8081924302249,,98.6301369863014
2015,Leicester University,59.7237690604802,,98.9041095890411
2016,Leicester University,53.5567320157524,,98.9071038251366
2017,Leicester University,53.7306691509152,,98.3561643835616
2018,Leicester University,57.7599784741459,,98.9041095890411
2019,Leicester University,55.4265773382936,,98.6301369863014
1993,Leeds Centre,37.6827414581652,,96.986301369863
1994,Leeds Centre,42.5077415359207,,94.7945205479452
1995,Leeds Centre,44.336334817213,,96.7123287671233
1996,Leeds Centre,41.931702449766,,94.5355191256831
1997,Leeds Centre,39.0354099025974,,96.4383561643836
1998,Leeds Centre,45.3652408637874,,94.2465753424658
1999,Leeds Centre,56.2537068719703,,91.5068493150685
2000,Leeds Centre,49.2640722955849,,97.5409836065574
2001,Leeds Centre,47.4037296999725,,94.7945205479452
2002,Leeds Centre,48.9833603896104,,96.4383561643836
2003,Leeds Centre,53.3075808958598,,92.3287671232877
2004,Leeds Centre,48.9100396825397,,81.9672131147541
2005,Leeds Centre,49.9238591269841,,92.0547945205479
2006,Leeds Centre,55.8607703469199,,98.9041095890411
2007,Leeds Centre,50.959287029729,,99.1780821917808
2008,Leeds Centre,58.2561969993477,,99.7267759562842
2009,Leeds Centre,49.1666315493749,,92.8767123287671
2010,Leeds Centre,44.6523878337462,,94.7945205479452
2011,Leeds Centre,47.0667480667481,,96.1643835616438
2012,Leeds Centre,53.5431136543015,,98.9071038251366
2013,Leeds Centre,53.9948472081077,,93.972602739726
2014,Leeds Centre,52.774203805152,,96.986301369863
2015,Leeds Centre,51.7766139896172,,96.4383561643836
2016,Leeds Centre,48.9935869196843,,98.0874316939891
2017,Leeds Centre,51.3271917742738,,98.3561643835616
2018,Leeds Centre,55.9286673089857,,96.986301369863
2019,Leeds Centre,57.8032102458664,,98.6301369863014
1994,Leicester Centre,49.3785310734463,,96.986301369863
1995,Leicester Centre,51.5967643467643,,96.1643835616438
1996,Leicester Centre,47.3293302701197,,93.4426229508197
1997,Leicester Centre,48.7084013605442,,95.8904109589041
1998,Leicester Centre,47.8683919944789,,94.5205479452055
1999,Leicester Centre,61.5991089687409,,89.3150684931507
2000,Leicester Centre,50.9749100221484,,93.9890710382514
2001,Leicester Centre,51.5877263581489,,97.2602739726027
2002,Leicester Centre,52.4189121756487,,91.5068493150685
2003,Leicester Centre,59.8822975517891,,96.986301369863
2004,Leicester Centre,52.3184104627767,,96.9945355191257
2005,Leicester Centre,53.6581196581197,,96.1643835616438
2006,Leicester Centre,61.3806198457036,,98.0821917808219
2007,Leicester Centre,54.2903183372797,,99.1780821917808
2008,Leicester Centre,57.5296135074528,,98.6338797814208
2009,Leicester Centre,54.865141955836,,86.8493150684932
2010,Leicester Centre,36.0489461358314,,83.5616438356164
2011,Leicester Centre,51.4970580186097,,95.3424657534246
2012,Leicester Centre,48.7889005602241,,92.896174863388
2013,Leicester Centre,59.8892334140267,,65.4794520547945
1993,Liverpool Centre,39.6898868458274,,55.3424657534247
1994,Liverpool Centre,49.9273741105638,,95.3424657534246
1995,Liverpool Centre,55.156337535014,,93.1506849315068
1996,Liverpool Centre,46.4538054538055,,95.9016393442623
1997,Liverpool Centre,45.8673222912353,,94.5205479452055
1998,Liverpool Centre,51.685817805383,,94.5205479452055
1999,Liverpool Centre,56.368879472693,,96.986301369863
2000,Liverpool Centre,54.7067775974026,,96.1748633879781
2001,Liverpool Centre,50.9527902851685,,95.6164383561644
2002,Liverpool Centre,58.6559474412172,,66.027397260274
1997,London Lewisham,37.8019108931126,,63.8356164383562
1998,London Lewisham,32.1186857721812,,90.1369863013699
1999,London Lewisham,35.5790997249964,,90.1369863013699
2000,London Lewisham,33.931338028169,,38.7978142076503
2001,London Lewisham,NA,,0
2002,London Lewisham,42.6690866510539,,83.5616438356164
2003,London Lewisham,48.8475658419792,,98.0821917808219
2004,London Lewisham,45.1008381545765,,87.7049180327869
2005,London Lewisham,50.7614087301587,,98.6301369863014
2006,London Lewisham,51.0928178963893,,99.7260273972603
2007,London Lewisham,49.1474527310924,,74.5205479452055
1995,Manchester Piccadilly,NA,,0
1996,Manchester Piccadilly,39.6142167011732,,94.2622950819672
1997,Manchester Piccadilly,39.6361521620142,,95.3424657534246
1998,Manchester Piccadilly,39.8400548421616,,97.5342465753425
1999,Manchester Piccadilly,43.9429043572103,,96.7123287671233
2000,Manchester Piccadilly,34.5711259079903,,96.7213114754098
2001,Manchester Piccadilly,36.132711038961,,96.4383561643836
2002,Manchester Piccadilly,38.76089529379,,93.6986301369863
2003,Manchester Piccadilly,46.5645487656819,,96.7123287671233
2004,Manchester Piccadilly,46.4578625235405,,96.7213114754098
2005,Manchester Piccadilly,43.0025080256822,,97.5342465753425
2006,Manchester Piccadilly,43.7293309962022,,89.3150684931507
2007,Manchester Piccadilly,32.0939400682391,,87.9452054794521
2008,Manchester Piccadilly,42.0748202414869,,95.9016393442623
2009,Manchester Piccadilly,34.334825668159,,96.1643835616438
2010,Manchester Piccadilly,40.0974489795918,,95.8904109589041
2011,Manchester Piccadilly,44.8107109879963,,98.9041095890411
2012,Manchester Piccadilly,42.4731638418079,,96.7213114754098
2013,Manchester Piccadilly,43.1979677593775,,98.0821917808219
2014,Manchester Piccadilly,42.1804939209017,,97.8082191780822
2015,Manchester Piccadilly,43.9198187242285,,98.0821917808219
2016,Manchester Piccadilly,38.6172816443878,,95.6284153005464
2017,Manchester Piccadilly,36.1954450166113,,94.2465753424658
2018,Manchester Piccadilly,43.0583742888646,,98.3561643835616
2019,Manchester Piccadilly,41.5044963113528,,98.0821917808219
1992,Newcastle Centre,43.173875432526,,78.9617486338798
1993,Newcastle Centre,44.5915088927137,,68.2191780821918
1994,Newcastle Centre,NA,,0
1995,Newcastle Centre,NA,,0
1996,Newcastle Centre,49.3003353454058,,96.9945355191257
1997,Newcastle Centre,47.771635610766,,94.5205479452055
1998,Newcastle Centre,51.8252133223232,,94.7945205479452
1999,Newcastle Centre,59.3826578384163,,97.5342465753425
2000,Newcastle Centre,53.8111911431239,,97.5409836065574
2001,Newcastle Centre,51.9018615944962,,96.7123287671233
2002,Newcastle Centre,53.1237961476726,,97.5342465753425
2003,Newcastle Centre,57.3327472527473,,89.041095890411
2004,Newcastle Centre,56.0961875547765,,89.0710382513661
2005,Newcastle Centre,58.3939732142857,,96.4383561643836
2006,Newcastle Centre,58.9392090169401,,97.8082191780822
2007,Newcastle Centre,57.0171509281679,,96.986301369863
2008,Newcastle Centre,56.373490706824,,95.9016393442623
2009,Newcastle Centre,48.7826723749437,,86.8493150684932
2010,Newcastle Centre,57.2171535280779,,97.8082191780822
2011,Newcastle Centre,53.7762308313156,,96.986301369863
2012,Newcastle Centre,54.3834533813525,,97.5409836065574
2013,Newcastle Centre,58.9595941811319,,98.0821917808219
2014,Newcastle Centre,53.9809519941446,,84.1095890410959
2015,Newcastle Centre,55.2755503539023,,95.6164383561644
2016,Newcastle Centre,50.5379123531857,,97.8142076502732
2017,Newcastle Centre,53.3244098234127,,98.6301369863014
2018,Newcastle Centre,57.760138575,,95.8904109589041
2019,Newcastle Centre,57.4103065891357,,97.8082191780822
2009,Norwich Lakenfields,45.0859375,,26.3013698630137
2010,Norwich Lakenfields,49.7877326217843,,95.3424657534246
2011,Norwich Lakenfields,54.1923332006897,,98.3561643835616
2012,Norwich Lakenfields,59.538961038961,,96.1748633879781
2013,Norwich Lakenfields,58.6839630153157,,97.5342465753425
2014,Norwich Lakenfields,59.7475715624588,,98.9041095890411
2015,Norwich Lakenfields,63.4910606998607,,98.3561643835616
2016,Norwich Lakenfields,60.4242902077987,,91.2568306010929
2017,Norwich Lakenfields,59.5881050811239,,98.9041095890411
2018,Norwich Lakenfields,63.5265296099537,,98.6301369863014
2019,Norwich Lakenfields,65.9390959383657,,98.9041095890411
1997,Norwich Centre,41.0244360902256,,41.6438356164384
1998,Norwich Centre,45.1837194337194,,81.0958904109589
1999,Norwich Centre,66.549158456486,,95.3424657534246
2000,Norwich Centre,62.3805771592305,,95.3551912568306
2001,Norwich Centre,59.5069358178054,,94.5205479452055
2002,Norwich Centre,60.1912585034014,,95.8904109589041
2003,Norwich Centre,64.6958011124678,,96.1643835616438
2004,Norwich Centre,57.1650478888439,,96.448087431694
2005,Norwich Centre,58.3923669467787,,93.1506849315068
2006,Norwich Centre,63.8311032401941,,99.4520547945205
2007,Norwich Centre,61.4677058668771,,99.1780821917808
2008,Norwich Centre,71.8700396825397,,36.0655737704918
1996,Nottingham Centre,28.1046981292517,,30.6010928961749
1997,Nottingham Centre,39.7513451708367,,96.986301369863
1998,Nottingham Centre,40.5203021718602,,96.7123287671233
1999,Nottingham Centre,48.7412227602906,,96.986301369863
2000,Nottingham Centre,42.71315509444,,97.8142076502732
2001,Nottingham Centre,41.405955697042,,98.3561643835616
2002,Nottingham Centre,42.468056137411,,93.4246575342466
2003,Nottingham Centre,48.9271549979765,,96.7123287671233
2004,Nottingham Centre,45.7312730249693,,95.3551912568306
2005,Nottingham Centre,49.1887323943662,,97.2602739726027
2006,Nottingham Centre,54.2226422602467,,98.3561643835616
2007,Nottingham Centre,48.719293009683,,98.3561643835616
2008,Nottingham Centre,53.8065560501821,,96.448087431694
2009,Nottingham Centre,49.1202246435297,,96.986301369863
2010,Nottingham Centre,46.3028253083963,,98.3561643835616
2011,Nottingham Centre,50.0080502114886,,95.6164383561644
2012,Nottingham Centre,47.6925451092118,,95.9016393442623
2013,Nottingham Centre,53.3396857681741,,92.6027397260274
2014,Nottingham Centre,55.1441693083739,,96.4383561643836
2015,Nottingham Centre,53.5251404063979,,93.6986301369863
2016,Nottingham Centre,46.8740379277447,,98.3606557377049
2017,Nottingham Centre,49.8372514226025,,98.3561643835616
2018,Nottingham Centre,55.0428741596045,,96.986301369863
2019,Nottingham Centre,54.1891608948524,,98.0821917808219
2012,Northampton Kingsthorpe,58.5716503992901,,43.9890710382514
2013,Northampton Kingsthorpe,66.4659486013577,,97.5342465753425
2014,Northampton Kingsthorpe,67.2748976521536,,97.5342465753425
2015,Northampton Kingsthorpe,66.5866812107212,,94.2465753424658
2016,Northampton Kingsthorpe,62.0934253877269,,98.9071038251366
2017,Northampton Kingsthorpe,63.3133458993902,,22.4657534246575
2017,Northampton Spring Park,67.1780422889211,,74.2465753424657
2018,Northampton Spring Park,71.5174885871362,,98.6301369863014
2019,Northampton Spring Park,70.7876312895186,,99.4520547945205
2003,Northampton,74.6221088435374,,76.7123287671233
2004,Northampton,64.5923094477408,,85.5191256830601
2005,Northampton,60.8603243021347,,95.3424657534246
2006,Northampton,67.6914908008658,,96.4383561643836
2007,Northampton,61.2223359257743,,95.6164383561644
2008,Northampton,63.5157226155768,,93.7158469945355
2009,Northampton,63.1642323596105,,97.8082191780822
2010,Northampton,59.2030734731566,,98.9041095890411
2011,Northampton,67.3465827102191,,99.4520547945205
2012,Northampton,68.2548426150121,,48.3606557377049
1997,Sandwell Oldbury,41.0619588744589,,48.2191780821918
1998,Sandwell Oldbury,50.9923025435074,,68.2191780821918
2009,Peebles,57.6363636363636,,15.0684931506849
2010,Peebles,67.0023536635285,,95.6164383561644
2011,Peebles,68.3415986394558,,95.8904109589041
2012,Peebles,63.7349206349206,,86.0655737704918
2013,Peebles,63.3068098297941,,50.6849315068493
2014,Peebles,71.2748947927384,,98.9041095890411
2015,Peebles,71.4098920123432,,96.7123287671233
2016,Peebles,67.070672985563,,98.9071038251366
2017,Peebles,71.8933806126476,,98.3561643835616
2018,Peebles,71.929796972442,,93.972602739726
2019,Peebles,69.1561206837818,,98.9041095890411
1997,Plymouth Centre,34.2874149659864,,23.013698630137
1998,Plymouth Centre,56.0078250401284,,97.5342465753425
1999,Plymouth Centre,61.9968231674692,,97.5342465753425
2000,Plymouth Centre,59.8365646258503,,95.6284153005464
2001,Plymouth Centre,42.7970467032967,,28.4931506849315
2002,Plymouth Centre,58.5174355861325,,96.7123287671233
2003,Plymouth Centre,60.8514558689718,,86.027397260274
2004,Plymouth Centre,52.2769774576497,,97.5409836065574
2005,Plymouth Centre,56.8598047914818,,88.2191780821918
2006,Plymouth Centre,46.1816666666667,,13.6986301369863
2007,Plymouth Centre,53.8855570530099,,87.1232876712329
2008,Plymouth Centre,54.780303030303,,81.1475409836066
2009,Plymouth Centre,56.6148629148629,,90.4109589041096
2010,Plymouth Centre,54.1028499278499,,90.4109589041096
2011,Plymouth Centre,58.9528231292517,,95.8904109589041
2012,Plymouth Centre,59.2398100514444,,98.6338797814208
2013,Plymouth Centre,62.8736936006944,,98.6301369863014
2014,Plymouth Centre,65.9635956899802,,98.6301369863014
2015,Plymouth Centre,64.6779258598439,,97.8082191780822
2016,Plymouth Centre,59.4144039584996,,97.8142076502732
2017,Plymouth Centre,64.3085474444444,,98.6301369863014
2018,Plymouth Centre,68.8185514815003,,96.4383561643836
2019,Plymouth Centre,67.5948178839869,,97.8082191780822
2003,Portsmouth,73.5106949283779,,67.3972602739726
2004,Portsmouth,63.3719087082347,,98.9071038251366
2005,Portsmouth,64.7362433862434,,98.6301369863014
2006,Portsmouth,72.4099350046425,,98.3561643835616
2007,Portsmouth,64.2606913288732,,99.4520547945205
2008,Portsmouth,68.8631279434851,,99.4535519125683
2009,Portsmouth,64.4570307347316,,98.9041095890411
2010,Portsmouth,58.9785714285714,,98.6301369863014
2011,Portsmouth,62.2635161799526,,99.1780821917808
2012,Portsmouth,60.0751197126895,,97.8142076502732
2013,Portsmouth,56.2356170329087,,86.027397260274
2014,Portsmouth,68.0486055603505,,98.6301369863014
2015,Portsmouth,62.248364507156,,98.9041095890411
2016,Portsmouth,58.8195542325506,,99.7267759562842
2017,Portsmouth,58.8405221737421,,87.1232876712329
2018,Portsmouth,58.7796270160167,,98.3561643835616
2019,Portsmouth,60.7092780704789,,96.1643835616438
2000,Preston,53.7159009332376,,54.3715846994536
2001,Preston,57.578995157385,,96.986301369863
2002,Preston,56.3533853069251,,92.8767123287671
2003,Preston,62.1386106271777,,89.8630136986301
2004,Preston,59.5834667200213,,97.5409836065574
2005,Preston,63.0560686918446,,95.3424657534246
2006,Preston,66.9752799136652,,96.7123287671233
2007,Preston,56.3780454042082,,94.2465753424658
2008,Preston,65.6041583764425,,98.0874316939891
2009,Preston,55.7333117537045,,90.6849315068493
2010,Preston,48.7596834652228,,93.972602739726
2011,Preston,58.0843253968254,,98.6301369863014
2012,Preston,56.1173704288345,,98.9071038251366
2013,Preston,61.984534967884,,96.986301369863
2014,Preston,60.9215338541667,,86.5753424657534
2015,Preston,66.1041979852448,,97.2602739726027
2016,Preston,57.0188319609971,,98.9071038251366
2017,Preston,57.4562277579365,,97.8082191780822
2018,Preston,63.5651845773644,,98.3561643835616
2019,Preston,57.7112724050257,,98.9041095890411
2003,Reading New Town,43.7022058823529,,18.6301369863014
2004,Reading New Town,64.3618894503139,,84.9726775956284
2005,Reading New Town,64.5191021967526,,95.6164383561644
2006,Reading New Town,68.21875,,94.2465753424658
2007,Reading New Town,59.7305818581035,,95.0684931506849
2008,Reading New Town,63.6970221136888,,95.9016393442623
2009,Reading New Town,60.1447426796806,,88.2191780821918
2010,Reading New Town,56.7039063536278,,98.3561643835616
2011,Reading New Town,59.423082010582,,98.6301369863014
2012,Reading New Town,54.953301762694,,98.9071038251366
2013,Reading New Town,56.6705144403108,,98.6301369863014
2014,Reading New Town,57.2516382535814,,98.3561643835616
2015,Reading New Town,56.884460253645,,97.5342465753425
2016,Reading New Town,52.9584771486928,,97.5409836065574
2017,Reading New Town,54.3353487938597,,98.9041095890411
2018,Reading New Town,65.5916066447368,,98.9041095890411
2019,Reading New Town,55.3175244133034,,61.0958904109589
1997,Reading,36.1726736566186,,29.8630136986301
1998,Reading,57.1982876245054,,95.6164383561644
1999,Reading,65.9703395562771,,96.4383561643836
2000,Reading,54.787863282849,,95.3551912568306
2001,Reading,50.6151466236212,,96.986301369863
2002,Reading,53.843662464986,,93.1506849315068
2003,Reading,50.296875,,8.76712328767123
1997,Rotherham Centre,41.2751322751323,,51.7808219178082
1998,Rotherham Centre,45.7544594384985,,84.1095890410959
1999,Rotherham Centre,55.1493316624896,,93.6986301369863
2000,Rotherham Centre,50.5649650441894,,98.6338797814208
2001,Rotherham Centre,46.5341425896201,,97.5342465753425
2002,Rotherham Centre,48.188784984746,,98.3561643835616
2003,Rotherham Centre,51.2090649108806,,98.0821917808219
2004,Rotherham Centre,48.7948633156967,,88.5245901639344
2005,Rotherham Centre,46.0242424242424,,90.4109589041096
2006,Rotherham Centre,44.3144536955887,,89.3150684931507
2007,Rotherham Centre,48.298093340922,,68.7671232876712
2000,Southend-on-Sea,52.0651214128035,,41.2568306010929
2001,Southend-on-Sea,61.7918387007982,,94.7945205479452
2002,Southend-on-Sea,61.0397275057332,,96.7123287671233
2003,Southend-on-Sea,66.9891670494564,,85.2054794520548
2004,Southend-on-Sea,62.1268379873196,,96.448087431694
2005,Southend-on-Sea,58.9060113841455,,93.972602739726
2006,Southend-on-Sea,74.1883714811892,,99.1780821917808
2007,Southend-on-Sea,61.0681638306292,,98.9041095890411
2008,Southend-on-Sea,69.6910321821036,,99.4535519125683
2009,Southend-on-Sea,63.0356434240363,,92.0547945205479
2010,Southend-on-Sea,55.4637410519763,,83.8356164383562
2011,Southend-on-Sea,52.7857142857143,,66.5753424657534
2012,Southend-on-Sea,54.6445364979848,,87.1584699453552
2013,Southend-on-Sea,60.6478848158263,,93.1506849315068
2014,Southend-on-Sea,62.6174543530246,,94.2465753424658
2015,Southend-on-Sea,63.7177548884554,,97.8082191780822
2016,Southend-on-Sea,60.1461225162017,,92.3497267759563
2017,Southend-on-Sea,59.7303468656942,,97.2602739726027
2018,Southend-on-Sea,65.0424148324639,,97.5342465753425
2019,Southend-on-Sea,63.1331964500066,,98.9041095890411
2013,Sheffield Devonshire Green,52.8622853703704,,14.7945205479452
2014,Sheffield Devonshire Green,59.3870518544342,,97.5342465753425
2015,Sheffield Devonshire Green,58.9600415266106,,74.5205479452055
2016,Sheffield Devonshire Green,55.4122266425933,,98.6338797814208
2017,Sheffield Devonshire Green,58.292499807501,,98.3561643835616
2018,Sheffield Devonshire Green,61.8437046117725,,98.6301369863014
2019,Sheffield Devonshire Green,57.8315224985682,,79.7260273972603
1995,Sheffield Centre,NA,,0
1996,Sheffield Centre,48.1298926098629,,92.0765027322404
1997,Sheffield Centre,44.4035512510089,,96.986301369863
1998,Sheffield Centre,49.9364299090423,,97.5342465753425
1999,Sheffield Centre,54.5713941646023,,94.7945205479452
2000,Sheffield Centre,50.2371144480519,,96.1748633879781
2001,Sheffield Centre,46.9867280245431,,97.8082191780822
2002,Sheffield Centre,49.6004256451184,,98.0821917808219
2003,Sheffield Centre,53.6686341203148,,97.8082191780822
2004,Sheffield Centre,55.3777086677368,,97.2677595628415
2005,Sheffield Centre,45.4286711891461,,98.0821917808219
2006,Sheffield Centre,47.3220373376623,,96.4383561643836
2007,Sheffield Centre,51.9078241123039,,94.7945205479452
2008,Sheffield Centre,59.2455896007428,,98.0874316939891
2009,Sheffield Centre,52.7218583708555,,95.6164383561644
2010,Sheffield Centre,52.3879429678848,,94.2465753424658
2011,Sheffield Centre,56.6074088853418,,98.0821917808219
2012,Sheffield Centre,51.8803504547887,,97.2677595628415
2013,Sheffield Centre,59.9399472059422,,64.1095890410959
1997,London Southwark,49.1342145399085,,76.986301369863
1998,London Southwark,42.099304029304,,89.041095890411
1999,London Southwark,48.3346005068694,,97.8082191780822
2000,London Southwark,46.4665370446173,,95.3551912568306
2001,London Southwark,43.9039773502524,,95.6164383561644
2002,London Southwark,49.8929267613478,,93.6986301369863
2003,London Southwark,56.6568452380952,,98.6301369863014
2004,London Southwark,44.6020996294772,,94.8087431693989
2005,London Southwark,47.9555442176871,,95.8904109589041
2006,London Southwark,40.6272577996716,,39.7260273972603
2007,London Southwark,51.6470899470899,,73.972602739726
1994,Southampton Centre,52.4376691017316,,96.4383561643836
1995,Southampton Centre,46.6559748427673,,72.6027397260274
1996,Southampton Centre,44.5231937602627,,95.0819672131148
1997,Southampton Centre,45.5382549361208,,89.8630136986301
1998,Southampton Centre,52.2754237288136,,96.986301369863
1999,Southampton Centre,54.041046277666,,97.2602739726027
2000,Southampton Centre,48.9995083579154,,92.6229508196721
2001,Southampton Centre,49.0949379751901,,97.8082191780822
2002,Southampton Centre,53.2311284642474,,85.2054794520548
2003,Southampton Centre,59.3640518707483,,92.0547945205479
2004,Southampton Centre,52.0563757417861,,89.8907103825137
2005,Southampton Centre,46.0474397590361,,90.958904109589
2006,Southampton Centre,50.3340643274854,,93.6986301369863
2007,Southampton Centre,44.2578008411342,,96.1643835616438
2008,Southampton Centre,45.4339577329491,,94.8087431693989
2009,Southampton Centre,47.6938582251082,,96.4383561643836
2010,Southampton Centre,48.5881892230576,,83.2876712328767
2011,Southampton Centre,51.895251396648,,98.0821917808219
2012,Southampton Centre,53.0407076719577,,98.3606557377049
2013,Southampton Centre,51.8698598368111,,97.5342465753425
2014,Southampton Centre,53.0439674619383,,97.2602739726027
2015,Southampton Centre,53.3866015579565,,97.8082191780822
2016,Southampton Centre,56.3862081496373,,41.2568306010929
2017,Southampton Centre,57.6436155454842,,90.1369863013699
2018,Southampton Centre,61.2773663036235,,93.972602739726
2019,Southampton Centre,57.8056748809524,,98.6301369863014
1997,Stoke-on-Trent Centre,55.2895126922364,,70.4109589041096
1998,Stoke-on-Trent Centre,49.2636311322112,,90.6849315068493
1999,Stoke-on-Trent Centre,57.2437449556094,,80.8219178082192
2000,Stoke-on-Trent Centre,55.1735136251032,,94.5355191256831
2001,Stoke-on-Trent Centre,52.9437420986094,,92.8767123287671
2002,Stoke-on-Trent Centre,48.934629473091,,92.6027397260274
2003,Stoke-on-Trent Centre,57.6827275288814,,92.6027397260274
2004,Stoke-on-Trent Centre,57.2059557534062,,96.448087431694
2005,Stoke-on-Trent Centre,55.2984104046243,,94.7945205479452
2006,Stoke-on-Trent Centre,67.53760120763,,95.0684931506849
2007,Stoke-on-Trent Centre,62.4572849025974,,96.4383561643836
2008,Stoke-on-Trent Centre,53.9635331143952,,95.0819672131148
2009,Stoke-on-Trent Centre,52.3700790785628,,75.8904109589041
2010,Stoke-on-Trent Centre,50.0198187229437,,96.4383561643836
2011,Stoke-on-Trent Centre,54.9847846441948,,97.5342465753425
2012,Stoke-on-Trent Centre,55.7362485160269,,98.6338797814208
2013,Stoke-on-Trent Centre,57.3516749961758,,98.0821917808219
2014,Stoke-on-Trent Centre,52.9926921836107,,96.4383561643836
2015,Stoke-on-Trent Centre,61.1548600602139,,94.5205479452055
2016,Stoke-on-Trent Centre,53.6471609395198,,98.6338797814208
2017,Stoke-on-Trent Centre,54.5910138659148,,98.9041095890411
2018,Stoke-on-Trent Centre,60.0575312488329,,97.8082191780822
2019,Stoke-on-Trent Centre,53.7874669304388,,97.8082191780822
2004,Sunderland Silksworth,54.1304347826087,,6.28415300546448
2005,Sunderland Silksworth,62.7903806584362,,88.7671232876712
2006,Sunderland Silksworth,69.8342164759079,,92.3287671232877
2007,Sunderland Silksworth,62.8160141607664,,93.972602739726
2008,Sunderland Silksworth,58.9945644924637,,97.5409836065574
2009,Sunderland Silksworth,63.606456043956,,71.2328767123288
2010,Sunderland Silksworth,58.8668645108473,,95.6164383561644
2011,Sunderland Silksworth,64.5118336886994,,91.7808219178082
2012,Sunderland Silksworth,58.2019047619048,,88.7978142076503
2013,Sunderland Silksworth,67.5077673593396,,92.0547945205479
2014,Sunderland Silksworth,64.0878651589938,,82.4657534246575
2015,Sunderland Silksworth,64.5116361567961,,97.8082191780822
2016,Sunderland Silksworth,62.9420844391609,,96.448087431694
2017,Sunderland Silksworth,63.0716623529314,,98.3561643835616
2018,Sunderland Silksworth,67.4900590560955,,86.5753424657534
2019,Sunderland Silksworth,65.1333463403756,,97.2602739726027
1994,Swansea,50.4435483870968,,8.49315068493151
1995,Swansea,60.2739463601533,,95.3424657534246
1996,Swansea,52.0008431134493,,96.448087431694
1997,Swansea,55.9906876790831,,95.6164383561644
1998,Swansea,57.7371742393232,,95.6164383561644
1999,Swansea,63.6182784911718,,97.5342465753425
2000,Swansea,63.510834670947,,97.2677595628415
2001,Swansea,55.834808259587,,92.8767123287671
2002,Swansea,59.1461732325242,,98.3561643835616
2003,Swansea,64.0078919208133,,97.5342465753425
2004,Swansea,59.1358761634966,,96.448087431694
2005,Swansea,60.5911016949153,,96.986301369863
2006,Swansea,70.6509900990099,,55.3424657534247
1996,London Teddington,49.3696428571429,,38.2513661202186
1997,London Teddington,61.4250465549348,,98.0821917808219
1998,London Teddington,61.9812773774198,,92.3287671232877
1999,London Teddington,65.9244444444444,,82.1917808219178
2000,London Teddington,62.5311964120828,,98.6338797814208
2001,London Teddington,64.1136788048553,,97.8082191780822
2002,London Teddington,65.9378896405359,,98.3561643835616
2003,London Teddington,72.8285846194433,,98.9041095890411
2004,London Teddington,69.5197278911565,,95.6284153005464
2005,London Teddington,68.4259002770083,,98.9041095890411
2006,London Teddington,71.4066468253968,,98.6301369863014
2007,London Teddington,60.3890257252326,,95.3424657534246
2008,London Teddington,65.8021541950113,,97.5409836065574
2009,London Teddington,63.2671665351223,,99.1780821917808
2010,London Teddington,62.2116358171175,,82.4657534246575
2011,London Teddington,67.593567251462,,93.6986301369863
2012,London Teddington,52.8474769012082,,91.5300546448087
2013,London Teddington,67.8158665979106,,67.1232876712329
2014,London Teddington,62.1085039579391,,82.7397260273973
2015,London Teddington,67.9244785544722,,92.3287671232877
2016,London Teddington,69.227209868647,,56.8306010928962
1996,Thurrock,32.5986607142857,,21.8579234972678
1997,Thurrock,52.8495572009292,,89.8630136986301
1998,Thurrock,51.6008843537415,,95.8904109589041
1999,Thurrock,60.8880008093889,,96.7123287671233
2000,Thurrock,57.2264278930946,,95.9016393442623
2001,Thurrock,57.2302721088435,,95.8904109589041
2002,Thurrock,58.0947322271685,,96.7123287671233
2003,Thurrock,65.118544600939,,97.2602739726027
2004,Thurrock,58.2648478835979,,98.3606557377049
2005,Thurrock,56.8320491461891,,93.972602739726
2006,Thurrock,60.6943099273608,,96.986301369863
2007,Thurrock,54.5437998898982,,94.7945205479452
2008,Thurrock,55.5515986394558,,95.6284153005464
2009,Thurrock,55.2826882149508,,98.0821917808219
2010,Thurrock,55.4179254783484,,90.6849315068493
2011,Thurrock,56.2098214285714,,96.4383561643836
2012,Thurrock,51.8190341292324,,96.448087431694
2013,Thurrock,55.1038976946228,,97.5342465753425
2014,Thurrock,60.2457896515031,,98.0821917808219
2015,Thurrock,58.9418501794028,,98.0821917808219
2016,Thurrock,52.4302955838294,,98.3606557377049
2017,Thurrock,53.0133686205222,,90.6849315068493
2018,Thurrock,60.8231912346446,,94.5205479452055
2019,Thurrock,66.0824388840246,,42.4657534246575
2000,Wirral Tranmere,59.4351911168055,,60.9289617486339
2001,Wirral Tranmere,61.4593341761483,,92.8767123287671
2002,Wirral Tranmere,63.3208430913349,,83.5616438356164
2003,Wirral Tranmere,64.9977373990532,,93.6986301369863
2004,Wirral Tranmere,63.2394662921348,,97.2677595628415
2005,Wirral Tranmere,63.1358514599255,,66.5753424657534
2006,Wirral Tranmere,64.1636993076162,,92.3287671232877
2007,Wirral Tranmere,59.6738230904898,,96.1643835616438
2008,Wirral Tranmere,61.9152407481098,,98.0874316939891
2009,Wirral Tranmere,56.7505585812037,,93.4246575342466
2010,Wirral Tranmere,58.3705357142857,,35.0684931506849
2011,Wirral Tranmere,NA,,0
2012,Wirral Tranmere,NA,,0
2013,Wirral Tranmere,60.1058629738313,,89.8630136986301
2014,Wirral Tranmere,56.1643190106446,,98.3561643835616
2015,Wirral Tranmere,61.5881860645161,,84.9315068493151
2016,Wirral Tranmere,56.2262540184473,,96.448087431694
2017,Wirral Tranmere,64.7167013124815,,88.2191780821918
2018,Wirral Tranmere,64.791416451962,,93.4246575342466
2019,Wirral Tranmere,65.0006029352988,,98.9041095890411
1996,London Wandsworth,37.3619311193112,,74.0437158469945
1997,London Wandsworth,34.9108956602031,,98.9041095890411
1998,London Wandsworth,38.6362064378824,,98.0821917808219
1999,London Wandsworth,43.6405222309918,,99.1780821917808
2000,London Wandsworth,39.7642789309456,,95.9016393442623
2001,London Wandsworth,43.1202610520792,,99.4520547945205
2002,London Wandsworth,41.2447382267824,,99.1780821917808
2003,London Wandsworth,46.5383070406077,,89.3150684931507
2004,London Wandsworth,40.6328545192182,,99.1803278688525
2005,London Wandsworth,41.8345706260032,,97.5342465753425
2006,London Wandsworth,51.4015479470025,,99.4520547945205
2007,London Wandsworth,50.9265946230891,,74.2465753424657
2012,Walsall Woodlands,60.9195601851852,,39.344262295082
2013,Walsall Woodlands,66.637664760101,,99.4520547945205
2014,Walsall Woodlands,67.2272910011416,,100
2015,Walsall Woodlands,63.1908348705621,,92.6027397260274
2016,Walsall Woodlands,59.897684359708,,98.9071038251366
2017,Walsall Woodlands,63.9437528333333,,98.6301369863014
2018,Walsall Woodlands,68.6554655398137,,99.4520547945205
2019,Walsall Woodlands,65.9048223910985,,96.4383561643836
1998,Sandwell West Bromwich,35.4137931034483,,15.8904109589041
1999,Sandwell West Bromwich,60.3615146623621,,96.986301369863
2000,Sandwell West Bromwich,58.1006617546732,,95.3551912568306
2001,Sandwell West Bromwich,54.5567739771965,,97.2602739726027
2002,Sandwell West Bromwich,58.6093287597525,,96.986301369863
2003,Sandwell West Bromwich,58.8518014243821,,93.4246575342466
2004,Sandwell West Bromwich,62.2662185660781,,97.2677595628415
2005,Sandwell West Bromwich,56.5649413388544,,94.5205479452055
2006,Sandwell West Bromwich,57.8206928838951,,97.5342465753425
2007,Sandwell West Bromwich,56.6019639494216,,96.986301369863
2008,Sandwell West Bromwich,63.7197406340058,,94.8087431693989
2009,Sandwell West Bromwich,60.654267247065,,98.9041095890411
2010,Sandwell West Bromwich,56.3355436637196,,84.1095890410959
2011,Sandwell West Bromwich,66.1084507042253,,97.2602739726027
2002,Wigan Leigh,55.9190790853786,,62.1917808219178
2003,Wigan Leigh,55.7519168684423,,96.986301369863
2004,Wigan Leigh,54.1819389110226,,68.5792349726776
2004,Wigan Centre,43.0340336134454,,23.224043715847
2005,Wigan Centre,62.1179894179894,,98.6301369863014
2006,Wigan Centre,67.9110842076944,,96.986301369863
2007,Wigan Centre,63.8512071495265,,97.8082191780822
2008,Wigan Centre,63.2481060606061,,96.1748633879781
2009,Wigan Centre,55.504472693032,,96.986301369863
2010,Wigan Centre,55.7834339369551,,97.2602739726027
2011,Wigan Centre,60.1183390022676,,92.0547945205479
2012,Wigan Centre,59.3787611198325,,99.4535519125683
2013,Wigan Centre,63.5888032891061,,98.0821917808219
2014,Wigan Centre,62.6296739597748,,96.1643835616438
2015,Wigan Centre,61.588501025,,95.8904109589041
2016,Wigan Centre,57.5720474883249,,84.9726775956284
2017,Wigan Centre,60.0933882549603,,98.6301369863014
2018,Wigan Centre,66.1164870981311,,98.0821917808219
2019,Wigan Centre,62.2703085115759,,99.1780821917808
1995,Wolverhampton Centre,19.1153846153846,,3.56164383561644
1996,Wolverhampton Centre,49.1335639668973,,95.9016393442623
1997,Wolverhampton Centre,46.3016666666667,,95.8904109589041
1998,Wolverhampton Centre,50.4986921529175,,97.2602739726027
1999,Wolverhampton Centre,55.3606579121899,,98.3561643835616
2000,Wolverhampton Centre,51.9169443287519,,93.7158469945355
2001,Wolverhampton Centre,50.1109443777511,,97.8082191780822
2002,Wolverhampton Centre,52.5590778097983,,95.0684931506849
2003,Wolverhampton Centre,58.8898975791434,,98.0821917808219
2004,Wolverhampton Centre,55.1548285981059,,97.5409836065574
2005,Wolverhampton Centre,57.4902380952381,,95.8904109589041
2006,Wolverhampton Centre,59.9532169609417,,97.5342465753425
2007,Wolverhampton Centre,59.9385069817401,,72.8767123287671
